id,drop,IS_medium_order,IS_shape_order,IS_site,age_yr,age4g,female,adult,child,QC_med_order,QC_today_mm,QC_dob_mm,QC_today_yy,QC_dob_yy,QC_sex,QC_site,QC_order,QC_friend1,QC_friend2,QC_friend3,QC_med1_TS,QC_med1_PM,QC_med1_TF,QC_shape_order1,QC_trainL1,QC_trainR1,QC_test1L1,QC_test1R1,QC_test2L1,QC_train2R1,QC_test3L1,QC_test3R1,QC_test4L1,QC_train4R1,QC_test5L1,QC_test5R1,QC_test6L1,QC_train6R1,QC_personL1,QC_personR1,QC_train1_note1,QC_test1_note1,QC_test2_note1,QC_test3_note1,QC_test4_note1,QC_test5_note1,QC_test6_note1,QC_person_note1,QC_med2_PM,QC_med2_TS,QC_med2_TF,QC_shape_order2,QC_trainL2,QC_trainR2,QC_test1L2,QC_test1R2,QC_test2L2,QC_train2R2,QC_test3L2,QC_test3R2,QC_test4L2,QC_train4R2,QC_test5L2,QC_test5R2,QC_test6L2,QC_train6R2,QC_personL2,QC_personR2,QC_train1_note2,QC_test1_note2,QC_test2_note2,QC_test3_note2,QC_test4_note2,QC_test5_note2,QC_test6_note2,QC_person_note2,QC_med3_TS,QC_med3_PM,QC_med3_TF,QC_shape_order3,QC_trainL3,QC_trainR3,QC_test1L3,QC_test1R3,QC_test2L3,QC_train2R3,QC_test3L3,QC_test3R3,QC_test4L3,QC_train4R3,QC_test5L3,QC_test5R3,QC_test6L3,QC_train6R3,QC_personL3,QC_personR3,QC_train1_note3,QC_test1_note3,QC_test2_note3,QC_test3_note3,QC_test4_note3,QC_test5_note3,QC_test6_note3,QC_person_note3,QC_fold_note1,QC_fold_note2,QC_fold_note3,QC_fold_note4,QC_grip1L,QC_grip1R,QC_grip2L,QC_grip2R,QC_grip3L,QC_grip3R,QC_grip_note,QC_pinch1L,QC_pinch1R,QC_pinch2L,QC_pinch2R,QC_pinch3L,QC_pinch3R,QC_pinch_note,QC_catch1L,QC_catch1R,QC_catch2L,QC_catch2R,QC_catch3L,QC_catch3R,QC_throw1L,QC_throw1R,QC_throw2L,QC_throw2R,QC_throw3L,QC_throw3R,QC_toss_note1,QC_toss_note2,QC_toss_note3,QC_cube1L,QC_cube1R,QC_cube2L,QC_cube2R,QC_cube3L,QC_cube3R,QC_cube4L,QC_cube4R,QC_cube5L,QC_cube5R,QC_cube6L,QC_cube6R,QC_cube7L,QC_cube7R,QC_cube8L,QC_cube8R,QC_cube9L,QC_cube9R,QC_cube10L,QC_cube10R,QC_cube_note1,QC_cube_note2,QC_cube_note3,QC_cube_note4,QC_cube_note5,QC_cube_note6,QC_cube_note7,QC_cube_note8,QC_cube_note9,QC_cube_note10,QC_cube_total,QC_freeL,QC_freeR,QC_pick_tablet,QC_pick_paper,QC_pick_marker,QC_pick_finger,QC_free_note,QC_grip_maxL,QC_grip_maxR,QC_grip_maxLR,QC_pinch_maxL,QC_pinch_maxR,QC_pinch_maxLR,QC_draw1_bothLR,QC_draw2_bothLR,QC_draw3_bothLR,QC_catch1_bothLR,QC_catch2_bothLR,QC_catch3_bothLR,QC_catch_bothLR,QC_throw1_bothLR,QC_throw2_bothLR,QC_throw3_bothLR,QC_throw_bothLR,QC_cube1_bothLR,QC_cube2_bothLR,QC_cube3_bothLR,QC_cube4_bothLR,QC_cube5_bothLR,QC_cube6_bothLR,QC_cube7_bothLR,QC_cube8_bothLR,QC_cube9_bothLR,QC_cube10_bothLR,QC_cube_bothLR,QC_draw1_sumL,QC_draw1_sumR,QC_draw1_sumLR,QC_draw1_sumLRB,QC_draw1_propR,QC_draw2_sumR,QC_draw2_sumLR,QC_draw2_sumLRB,QC_draw2_propR,QC_draw2_sumL,QC_draw3_sumL,QC_draw3_sumR,QC_draw3_sumLR,QC_draw3_sumLRB,QC_draw3_propR,QC_catch_sumL,QC_catch_sumR,QC_catch_sumLR,QC_catch_sumLRB,QC_catch_propR,QC_throw_sumL,QC_throw_sumR,QC_throw_sumLR,QC_throw_sumLRB,QC_throw_propR,QC_cube_sumL,QC_cube_sumR,QC_cube_sumLR,QC_cube_sumLRB,QC_cube_propR,QC_free_sumLR,QC_free_bothLR,QC_free_propR,QC_free_sumLRB,QC_handed,QC_handed.n,QC_handed.d,f_c,f_cr,f_nc,f_nt,f_s,f_tri,p_c,p_cr,p_nc,p_nt,p_s,p_tri,s_c,s_cr,s_nc,s_nt,s_s,s_tri,pcf,pcf_f,pcf_n,avg.pcf,avg.pcf_f,avg.pcf_n,pcp,pcp_f,pcp_n,avg.pcp,avg.pcp_f,avg.pcp_n,pcs,pcs_f,pcs_n,avg.pcs,avg.pcs_f,avg.pcs_n,DP_f_head,DP_f_ears,DP_f_eyes,DP_f_nose,DP_f_mouth,DP_f_body,DP_f_arms,DP_f_hands,DP_f_legs,DP_f_feet,DP_f_clothes,DP_f_hair,DP_f_note,DP_f_total,DP_p_head,DP_p_ears,DP_p_eyes,DP_p_nose,DP_p_mouth,DP_p_body,DP_p_arms,DP_p_hands,DP_p_legs,DP_p_feet,DP_p_clothes,DP_p_hair,DP_p_note,DP_p_total,DP_s_head,DP_s_ears,DP_s_eyes,DP_s_nose,DP_s_mouth,DP_s_body,DP_s_arms,DP_s_hands,DP_s_legs,DP_s_feet,DP_s_clothes,DP_s_hair,DP_s_note,DP_s_total,PS_p_age,PS_p_edu,PS_p_merital,PS_p_house,PS_p_ses,PS_c1_age,PS_c2_age,PS_c3_age,PS_c4_age,PS_c5_age,PS_c_dob_mm,PS_c_dob_yy,PS_ethnicity,PS_eth_asian,PS_eth_black,PS_eth_cauc,PS_eth_hisp,PS_eth_native,PS_eth_other,PS_yesterday,PS_ymin_video,PS_ymin_computer,PS_ymin_internet,PS_ymin_videochat,PS_ymin_cellphone,PS_ymin_xbox,PS_ymin_nintendo,PS_ymin_kindle,PS_ymin_touchscreen,PS_ymin_usual,PS_outside_care,PS_num_tv,PS_num_desktop,PS_num_laptop,PS_num_xbox,PS_num_nintendo,PS_min_tablet,PS_min_smartphone,PS_min_othertouch,PS_allow_touch,PS_mos_firstuse,PS_freq_ipod,PS_freq_ipad,PS_freq_iphone,PS_freq_leappad,PS_freq_nook,PS_freq_other,PS_ymin_ipod,PS_ymin_ipad,PS_ymin_iphone,PS_ymin_leappad,PS_ymin_nook,PS_ymin_other,PS_drawapp_use,PS_drawapp_familiar,PS_colorapp_use,PS_colorapp_familiar,PS_writeapp_use,PS_writeapp_familiar,PS_freq_marker_paper,PS_freq_crayon_paper,PS_freq_pens_paper,PS_freq_pencil_paper,PS_freq_finger_ipad,PS_freq_stylus_ipad,PS_freq_chalk_pavement,PS_freq_otherd,PS_enjoy_traditional,PS_enjoy_electronic,PS_min_traditional,PS_min_electornic,PS_comment,asq_total,asq_communication,asq_grossmotor,asq_finemotor,asq_problemsolving,asq_personalsocial,,
DAM001,0,SPF,ABC,PSL,5.7,3,0,0,1,PFS,7,11,1,7,1,1,4,1,,,0,1,0,1,NA,NA,0,1,0,1,0,1,0,1,0,1,0,1,0,1,,,,,,,,hand covered the picture from the camera,0,1,1,2,NA,NA,0,1,0,1,0,1,0,1,0,1,0,1,0,1,,,,,,,,,1,0,0,3,0,1,0,1,NA,1,0,1,0,1,0,1,0,1,0,1,Pp did all trainings with right hand,,,,,,"fit cross to go through the section that ""glitched""",had some problems with zoom function,folded face down,folded face down,folded face down,tried folding in air and on table. had very hard time,8,8,10,10,8,8,hand a little lower than 90,4.5,4.5,3,5,3,3.5,tried to use two hands and hand more of a squeeze grip,0,0,0,0,0,0,0,1,0,1,0,1,,,,0,1,0,1,0,1,1,0,1,0,1,0,1,0,1,0,1,0,1,0,,,got distracted by class,,NA,,,,,,10,0,1,0,1,NA,NA,,10,10,10,4.5,5,5,0,0,0,1,1,1,3,0,0,0,0,0,0,0,0,0,0,0,0,0,0,0,0,7,7,7,1,7,7,7,1,0,0,7,7,7,1,0,0,0,3,NA,0,3,3,3,1,7,3,10,10,0.3,1,0,1,1,0.92,35,38,3,2,2,4,3,2,3,3,3,4,4,3,3,0,3,3,2,2,1,1,1,2.666666667,2.5,3,1,1,1,3.333333333,3.25,3.5,0.833333333,0.75,1,2.6,2.333333333,3,1,0,1,1,1,1,1,0,1,0,0,1,,8,1,0,0,0,0,1,1,1,1,1,0,0,,6,1,0,1,1,1,1,NA,0,1,0,0,0,,7,NA,NA,NA,NA,NA,NA,NA,NA,NA,NA,NA,NA,NA,NA,NA,NA,NA,NA,NA,NA,NA,NA,NA,NA,NA,NA,NA,NA,NA,NA,NA,NA,NA,NA,NA,NA,NA,NA,NA,NA,NA,NA,NA,NA,NA,NA,NA,NA,NA,NA,NA,NA,NA,NA,NA,NA,NA,NA,NA,NA,NA,NA,NA,NA,NA,NA,NA,NA,NA,NA,NA,NA,NA,NA,NA,NA,NA,NA,,
DAM002,0,FSP,ACB,PSL,5.42,3,1,0,1,FSP,7,2,1,6,2,1,5,1,,,0,0,1,3,1,0,1,0,1,0,1,0,1,0,1,0,1,0,1,0,,,,,,mirror image,,"drew name first, then asked to draw picture",NA,NA,NA,2,1,0,1,0,1,0,1,0,1,0,1,0,1,0,1,0,,,,mirror image,,,,drew picture of mom,0,1,0,1,1,0,1,0,1,NA,1,0,1,0,1,0,1,0,1,0,used right hand to hold paper steady,"""",four separate lines,mirror image,,,,used right to hold paper steady,fold against table face up,against table face up creased line,against table face up creased,,7,7,2,6,4,6,,3,2.5,2.5,3,2.5,3,,NA,NA,NA,NA,NA,NA,0,0,0,0,1,1,"dropped, threw with both hands","""","""",0,1,0,1,0,1,0,1,0,1,0,1,0,1,0,1,0,1,0,1,,,used left to straighten,,NA,,,,,,10,1,0,1,0,1,0,drew a person,7,7,7,3,3,3,0,0,0,0,0,0,NA,1,1,1,3,0,0,0,0,0,0,0,0,0,0,0,7,0,7,7,0,0,7,7,0,7,7,0,7,7,0,NA,NA,NA,NA,NA,1,1,2,5,0.5,0,10,10,10,1,1,0,0,1,0.92,34,37,3,0,3,1,2,2,3,3,2,2,2,3,3,2,3,1,1,2,0.833333333,0.75,1,2.2,2.333333333,2,1,1,1,2.5,2.75,2,1,1,1,2,2,2,1,0,1,0,0,1,1,1,1,0,0,1,,7,1,0,1,1,1,1,1,1,1,1,1,1,,11,1,0,1,0,0,1,1,0,1,1,0,1,,7,29,16,2,1,7,5,,,NA,NA,2,6,cauc,NA,NA,1,NA,NA,NA,Fri,30,0,0,0,0,0,0,0,15,2,2,3,0,1,0,0,1,2,0,1,3,1,4,4,1,1,3,0,20,25,0,0,0,1,3,1,3,1,3,4,4,4,4,3,3,3,3,8,7,20,20,,265,55,35,55,60,60,,
DAM003,0,FSP,BAC,PSL,4.53,2,1,0,1,SPF,7,1,1,5,2,1,1,1,,,1,0,0,3,0,1,0,1,0,1,0,1,0,1,0,1,0,1,0,1,,,,,,,,,1,0,0,2,0,1,0,1,0,1,0,1,0,1,0,1,0,1,0,1,,,,,,,,,0,0,1,1,0,1,0,1,NA,1,0,1,0,1,0,1,0,1,0,1,,,,,closed eyes for first line,,,,,folded face down,folded face down,folded face up,4,6,8,8,6,8,,3,3.5,3,3.5,2.5,3,,0,0,0,0,0,0,0,0,0,0,1,1,,,,1,0,0,1,0,1,0,1,0,1,0,1,0,1,0,1,0,1,0,1,,,,,NA,,,,,,10,NA,NA,1,0,0,1,,8,8,8,3,3.5,3.5,0,0,0,1,1,1,3,1,1,1,NA,0,0,0,0,0,0,0,0,0,0,0,0,7,7,7,1,7,7,7,1,0,0,7,7,7,1,0,0,0,3,NA,1,1,2,5,0.5,1,9,10,10,0.9,NA,NA,NA,NA,0.85,33,39,2,2,2,2,3,1,2,2,3,2,1,1,3,3,1,3,2,1,1,1,1,2,2,2,1,1,1,1.833333333,1.5,2.5,1,1,1,2.166666667,2.25,2,1,0,1,0,1,0,1,0,1,0,0,1,,6,1,0,1,0,1,0,1,0,1,0,0,1,,6,1,0,1,0,1,0,1,1,1,0,0,1,,7,40,23,2,1,9,4.5,7,,NA,NA,1,7,cauc_hisp,NA,NA,1,1,NA,NA,Mon,30,0,0,0,0,0,0,0,0,3,2,1,1,2,0,0,0,2,2,1,24,NA,NA,4,NA,5,NA,0,0,0,0,0,30,2,NA,2,NA,2,NA,3,3,3,1,1,1,2,NA,9,NA,30,NA,"Kids use kindle fire to watch shows  only. They don't really do any apps. On the phone, they will play games while we are driving, but that's it.",290,60,60,55,55,60,,
DAM004,0,SPF,BCA,PSL,5.37,3,0,0,1,SPF,7,3,1,6,1,1,1,1,Carson,Finley,1,0,0,2,0,1,0,1,0,1,0,1,0,1,0,1,0,1,0,1,,,,,,,,,1,0,0,3,0,1,0,1,0,1,0,1,0,1,0,1,0,1,0,1,,,,,,,,,0,0,1,1,0,1,0,1,NA,1,0,1,0,1,0,1,0,1,0,1,,,,,,,,,,,,,11,10,10,12,8,9,,2,4.5,2.5,3.5,3,3.5,,0,0,0,0,0,0,0,1,0,1,0,1,,,,0,1,0,1,0,1,0,1,1,0,0,1,0,1,0,1,NA,NA,NA,NA,,,,,NA,,,,,,8,0,1,1,0,0,1,,11,12,12,3,4.5,4.5,0,0,0,1,1,1,3,0,0,0,0,0,0,0,0,0,0,0,0,0,0,0,0,7,7,7,1,7,7,7,1,0,0,7,7,7,1,0,0,0,3,NA,0,3,3,3,1,1,7,8,8,0.875,1,0,1,1,0.92,33,36,2,3,3,2,2,2,2,2,3,2,2,1,2,3,3,2,2,1,1,1,1,2.333333333,2.25,2.5,1,1,1,2,1.75,2.5,1,1,1,2.166666667,2,2.5,1,0,1,1,1,1,1,0,1,0,0,0,,7,1,0,1,1,1,1,1,0,1,0,0,0,,7,1,0,1,1,1,1,1,0,1,0,0,0,,7,NA,NA,NA,NA,NA,NA,NA,NA,NA,NA,NA,NA,NA,NA,NA,NA,NA,NA,NA,NA,NA,NA,NA,NA,NA,NA,NA,NA,NA,NA,NA,NA,NA,NA,NA,NA,NA,NA,NA,NA,NA,NA,NA,NA,NA,NA,NA,NA,NA,NA,NA,NA,NA,NA,NA,NA,NA,NA,NA,NA,NA,NA,NA,NA,NA,NA,NA,NA,NA,NA,NA,NA,NA,NA,NA,NA,NA,NA,,
DAM005,0,PFS,CBA,PSL,4.19,2,0,0,1,PFS,7,5,1,5,1,1,4,1,,,0,1,0,3,0,1,0,1,0,1,0,1,0,1,0,1,0,1,0,1,holds pen about halfway up the marker,,,,,,,circle with two eyes,0,0,1,2,0,1,0,1,0,1,0,1,0,1,0,1,0,1,0,1,,,,,,,,drew line down middle,1,0,0,1,0,1,0,1,NA,1,0,1,0,1,0,1,0,1,0,1,holds pen the same way,,,,,,,,,on table,on table,folded wrong axis,2,2,4,5,4,3,,3,2,3,2,2,2.5,,0,0,0,0,0,0,0,1,0,1,0,1,overhand ,overhand,underhand,0,1,0,1,0,1,0,1,0,1,0,1,0,1,0,1,0,1,0,1,,,,,NA,,,,,,10,0,1,1,0,1,0,,4,5,5,3,2.5,3,0,0,0,1,1,1,3,0,0,0,0,0,0,0,0,0,0,0,0,0,0,0,0,7,7,7,1,7,7,7,1,0,0,7,7,7,1,0,0,0,3,NA,0,3,3,3,1,0,10,10,10,1,1,0,1,1,0.92,35,38,1,2,3,2,2,2,2,2,2,2,2,2,2,2,2,1,2,1,1,1,1,2,1.75,2.5,1,1,1,2,2,2,1,1,1,1.666666667,1.75,1.5,1,0,1,0,0,0,0,0,0,0,0,0,"Line down the center of face-- not coded, but could be a nose",2,1,0,1,0,0,0,0,0,0,0,0,0,,2,1,0,1,0,0,0,0,0,0,0,0,0,,2,37,17,2,3,9,4,1,,NA,NA,5,7,asian,1,NA,NA,NA,NA,NA,Thu,60,0,0,15,5,0,0,0,0,2,2,2,0,1,1,0,2,2,0,1,18,NA,3,4,NA,NA,NA,0,0,15,0,0,0,1,2,1,3,1,3,3,3,3,2,4,2,2,NA,8,10,15,40,"Our child really enjoys electronic viewing and interacting. If we allowed it, he would do it everyday all the time. We try to limit his time with such items for under 60 minutes a day. ",265,45,55,55,60,50,,
DAM006,0,FSP,CAB,PSL,4.3,2,1,0,1,FSP,7,3,1,5,1,1,5,1,,,0,0,1,3,0,1,0,1,0,1,0,1,0,1,0,1,0,1,0,1,,,really tiny!,,,didn't look like shape,,,0,1,0,1,1,0,0,1,0,1,0,1,0,1,0,1,0,1,0,1,? check,,,,,triangles look like circle,first line is always on the outside and does not start in the middle,,0,1,0,2,0,1,0,1,NA,1,0,1,0,1,0,1,0,1,0,1,,,,,,,circle triangle ,,,on table,"on table, but folded corners and not along line",unable to fold middle line,6,7,6,4,6,4,,2,2.4,2,3,2.5,3,,0,0,0,0,0,0,0,0,0,0,1,1,,,,0,1,0,1,0,1,0,1,1,0,1,0,1,0,0,0,1,0,0,1,,,,,NA,,,,,,10,0,1,1,0,0,1,,6,7,7,2.5,3,3,0,0,0,1,1,1,3,1,1,1,3,0,0,0,0,0,0,0,1,0,0,1,0,7,7,7,1,7,7,7,1,0,0,7,7,7,1,0,0,0,3,NA,1,1,2,5,0.5,4,5,9,10,0.556,1,0,1,1,0.82,33,40,3,3,2,1,1,1,3,3,3,1,3,1,2,3,2,1,2,1,1,1,1,1.833333333,2,1.5,1,1,1,2.333333333,2.5,2,1,1,1,1.833333333,2,1.5,0,0,1,0,0,0,0,0,1,1,0,0,,3,1,0,1,0,0,0,0,0,1,1,0,0,,4,0,0,1,0,0,0,0,0,1,1,0,0,,3,47,18,2,1,6,10,4,,NA,NA,3,7,hisp,NA,NA,NA,1,NA,NA,Mon,0,0,0,0,0,0,0,0,0,1,2,2,0,2,0,0,1,1,0,1,24,1,4,1,1,1,1,0,0,0,0,0,0,1,2,2,1,1,2,3,4,4,3,1,1,2,1,7,7,NA,NA,,295,60,55,60,60,60,,
DAM007,0,SPF,CAB,PSL,4.2,2,0,0,1,SPF,7,5,1,5,1,1,1,1,,,1,0,0,3,0,1,0,1,0,1,0,1,0,1,0,1,0,1,0,1,,,,,,,,,1,0,0,1,0,1,0,1,0,1,0,1,0,1,0,1,0,1,0,1,,,,,,,,"turned paper so it was vertical in order to ""draw bigger picture""",0,0,1,2,0,1,0,1,NA,1,0,1,0,1,0,1,0,1,0,1,,circle,,,square,novel triangle,cross,turned tablet so it was vertical,,,,folded it from both sides of the paper to try to get it to fold correctly,6,6,8,8,4,6,,3.5,2.5,3,1,3.5,5,for last two trials he squeezed it with whole hand instead of just two fingers ,0,1,0,0,0,0,0,1,0,1,0,1,,,,0,1,0,1,0,1,0,1,0,1,NA,NA,NA,NA,NA,NA,NA,NA,NA,NA,,,,blocks fell,NA,,,,,,4,0,1,0,1,NA,NA,turned paper so it was vertical,8,8,8,3.5,5,5,0,0,0,0,1,1,2,0,0,0,0,0,0,0,0,0,0,0,0,0,0,0,0,7,7,7,1,7,7,7,1,0,0,7,7,7,1,0,1,1,3,1,0,3,3,3,1,0,5,5,5,1,1,0,1,1,0.94,31,33,2,2,3,2,1,1,2,3,3,2,1,1,4,2,3,3,1,1,1,1,1,1.833333333,1.5,2.5,1,1,1,2,1.75,2.5,1,1,1,2.333333333,2,3,1,0,1,0,1,0,0,0,1,0,0,0,,4,1,0,1,0,1,0,0,0,1,0,0,0,,4,1,0,1,0,1,0,0,0,1,0,0,0,,4,NA,NA,NA,NA,NA,NA,NA,NA,NA,NA,NA,NA,NA,NA,NA,NA,NA,NA,NA,NA,NA,NA,NA,NA,NA,NA,NA,NA,NA,NA,NA,NA,NA,NA,NA,NA,NA,NA,NA,NA,NA,NA,NA,NA,NA,NA,NA,NA,NA,NA,NA,NA,NA,NA,NA,NA,NA,NA,NA,NA,NA,NA,NA,NA,NA,NA,NA,NA,NA,NA,NA,NA,NA,NA,NA,NA,NA,NA,,
DAM008,0,PFS,BCA,PSL,4.4,2,0,0,1,PFS,7,2,1,5,1,1,4,1,,,0,1,0,2,0,1,0,1,0,1,0,1,0,1,0,1,0,1,0,1,,,,,,,,drew cat because he couldn't come up with friends/family,0,0,1,3,0,1,0,1,0,1,0,1,0,1,0,1,0,1,0,1,,,,,,,,drew his dog,1,0,0,1,0,1,0,1,NA,1,0,1,0,1,0,1,0,1,0,1,,,,,,,,drew mom,face down against table,face down against table,folded the wrong way in half,,6,4,5,4,6,4,,2.5,3,3,3,3,3.5,,0,0,0,0,0,0,0,0,0,0,1,1,underhand throw,underhand,underhand,NA,NA,0,1,0,1,0,1,0,1,0,1,0,1,0,1,0,1,0,1,did touch first block,,,,NA,,,,,,10,0,1,1,0,0,1,"kept trying to use his whole hand, switched to one finger",6,4,6,3,3.5,3.5,0,0,0,1,1,1,3,1,1,1,3,0,0,0,0,0,0,0,0,0,0,0,0,7,7,7,1,7,7,7,1,0,0,7,7,7,1,0,0,0,3,NA,1,1,2,5,0.5,0,9,9,9,1,1,0,1,1,0.85,33,39,3,3,2,2,3,2,2,3,3,4,3,4,2,3,2,3,3,3,1,1,1,2.5,2.75,2,1,1,1,3.166666667,3,3.5,1,1,1,2.666666667,2.75,2.5,1,0,1,1,1,0,1,0,1,0,0,0,,6,0,0,1,0,1,1,1,0,1,0,0,0,,5,1,0,1,0,1,0,1,0,1,0,0,1,,6,33,17,2,3,7,4,,,NA,NA,2,7,cauc,NA,NA,1,NA,NA,NA,Mon,2,0,1,0,0,0,0,0,1,1,2,3,0,2,1,0,2,2,0,1,18,1,5,4,1,1,1,0,60,0,0,0,0,1,2,2,1,1,3,4,4,4,2,4,1,1,1,9,9,30,60,,220,50,30,45,60,35,,
DAM009,0,FSP,CBA,PSL,4.02,2,1,0,1,FSP,7,7,1,5,2,1,5,1,,,0,0,1,3,0,1,0,1,0,1,0,1,0,1,0,1,0,1,0,1,,,,,,,,,0,1,0,2,0,1,0,1,0,1,0,1,0,1,0,1,0,1,0,1,,,,had some problems with getting marker to make a mark on the screen,,,,,0,1,0,1,0,1,0,1,NA,1,0,1,0,1,0,1,0,1,0,1,,,,,,,,,,folded face up,folded face up,tried folding face up then folded it in the air,6,4,6,4,4,4,,2,2,2,2.5,2,2.5,,0,0,0,0,0,0,0,1,0,1,0,1,,,,0,1,0,1,0,1,0,1,0,1,0,1,0,1,0,1,0,1,0,1,,,,,NA,,,,,,10,0,1,1,0,0,1,,6,4,6,2,2.5,2.5,0,0,0,1,1,1,3,0,0,0,0,0,0,0,0,0,0,0,0,0,0,0,0,7,7,7,1,7,7,7,1,0,0,7,7,7,1,0,0,0,3,NA,0,3,3,3,1,0,10,10,10,1,1,0,1,1,0.92,35,38,3,2,3,2,2,1,2,3,3,2,3,3,3,2,3,2,3,2,1,1,1,2.166666667,2,2.5,1,1,1,2.666666667,2.75,2.5,1,1,1,2.5,2.5,2.5,1,0,1,0,1,0,0,0,0,0,0,1,,4,1,0,1,0,1,0,0,0,0,0,0,1,,4,1,0,1,0,1,0,0,0,0,0,0,1,,4,37,21,2,3,6,4,0.3,,NA,NA,7,7,asian,1,NA,NA,NA,NA,NA,Mon,2,0,0,0,0,0,0,0,0,1,2,1,0,2,0,0,1,2,0,1,24,NA,4,5,NA,NA,NA,0,0,30,0,0,0,1,3,1,5,2,1,4,4,3,2,2,1,2,NA,10,4,40,5,,295,60,60,60,60,55,,
DAM00T1,1,NA,NA,LehmanLab,7.9,3,1,0,1,SPF,7,8,1,9,2,1,1,1,Dad,Steven,1,0,0,NA,0,1,0,1,0,1,0,1,0,1,0,1,0,1,0,1,,,,,,freeze error,,"freeze error, erased 2 times",1,0,0,NA,0,1,0,1,0,1,0,1,0,1,0,1,0,1,0,1,,,,,,,,,0,0,1,NA,0,1,0,1,NA,1,0,1,0,1,0,1,0,1,0,1,,,,,,,,erased 1 time,,in air,in air,in air,10,12,10,10,14,12,,4.5,4,4,4,4,2.5,,0,0,1,0,0,0,0,1,0,1,0,1,,,,0,1,0,1,0,1,0,1,0,1,0,1,0,1,0,1,0,1,0,1,,,,,NA,,,,,,10,0,1,0,1,1,0,drew self,14,12,14,4.5,4,4.5,0,0,0,1,0,1,2,0,0,0,0,0,0,0,0,0,0,0,0,0,0,0,0,7,7,7,1,7,7,7,1,0,0,7,7,7,1,1,0,1,3,0,0,3,3,3,1,0,10,10,10,1,1,0,1,1,0.95,36,38,NA,NA,NA,NA,NA,NA,NA,NA,NA,NA,NA,NA,NA,NA,NA,NA,NA,NA,NA,NA,NA,NA,NA,NA,NA,NA,NA,NA,NA,NA,NA,NA,NA,NA,NA,NA,NA,NA,NA,NA,NA,NA,NA,NA,NA,NA,NA,NA,NA,NA,1,1,1,0,1,1,1,1,1,1,1,1,,11,NA,NA,NA,NA,NA,NA,NA,NA,NA,NA,NA,NA,NA,NA,56,16,2,1,10,25,20,8,NA,NA,8,3,asian,1,NA,NA,NA,NA,NA,Mon,0,60,100,100,0,0,120,0,0,1,1,3,2,20,5,30,30,5,0,1,2,5,5,5,4,1,1,0,20,0,0,0,0,3,5,3,5,3,3,3,4,3,4,4,NA,NA,4,NA,NA,pencils on paper,NA,,NA,NA,NA,NA,NA,NA,,
DAM010,0,SPF,BAC,PSL,2.32,1,1,0,1,SPF,7,3,1,3,2,1,1,1,Max,Luke,1,0,0,2,0,1,0,1,0,1,0,1,0,1,0,1,0,1,0,1,,,,,,,,,1,0,0,1,0,1,0,1,0,1,0,1,0,1,0,1,0,1,0,1,,,,,,,,,0,0,1,3,0,1,0,1,NA,1,0,1,0,1,0,1,0,1,0,1,,,,,,,,,,,,"made a ""roll like"" fold",1,1,1,1,1,1,,2,1,1,0.5,1,1.5,,NA,NA,NA,NA,NA,NA,0,1,0,1,0,1,didn't catch,didn't catch,didn't catch,0,1,0,1,0,1,NA,NA,NA,NA,NA,NA,NA,NA,NA,NA,NA,NA,NA,NA,,,,,NA,,,,,,3,0,1,0,1,1,0,,1,1,1,2,1.5,2,0,0,0,0,0,0,NA,0,0,0,0,0,0,0,0,0,0,0,0,0,0,0,0,7,7,7,1,7,7,7,1,0,0,7,7,7,1,NA,NA,NA,NA,NA,0,3,3,3,1,0,3,3,3,1,1,0,1,1,1,28,28,0,0,0,0,0,0,0,0,0,0,0,0,0,0,0,0,0,0,0,0,0,NA,NA,NA,0,0,0,NA,NA,NA,0,0,0,NA,NA,NA,0,0,0,0,0,0,0,0,0,0,0,0,Dots,0,0,0,0,0,0,0,0,0,0,0,0,0,Scribbles,0,0,0,0,0,0,0,0,0,0,0,0,0,Scribbles,0,NA,NA,NA,NA,NA,NA,NA,NA,NA,NA,NA,NA,NA,NA,NA,NA,NA,NA,NA,NA,NA,NA,NA,NA,NA,NA,NA,NA,NA,NA,NA,NA,NA,NA,NA,NA,NA,NA,NA,NA,NA,NA,NA,NA,NA,NA,NA,NA,NA,NA,NA,NA,NA,NA,NA,NA,NA,NA,NA,NA,NA,NA,NA,NA,NA,NA,NA,NA,NA,NA,NA,NA,NA,NA,NA,NA,NA,NA,,
DAM011,0,PFS,ABC,PSL,3.73,2,1,0,1,PFS,7,10,1,5,NA,1,4,1,,,0,1,0,1,0,1,0,1,0,1,0,1,0,1,0,1,0,1,NA,NA,,,,,,,"started as cross, changed to novel shape",tadpole,0,0,1,2,0,1,0,1,0,1,0,1,0,1,0,1,0,1,0,1,,,,,,,triangles look like squares,,1,0,0,3,0,1,0,1,NA,1,0,1,0,1,0,1,0,1,0,1,,,triangle looks like square,,,,,,,,folded to line,folded to line,2,2,1,2,3,2,,1.5,1.5,1.5,1.5,1.5,1,,0,0,0,0,0,0,0,1,0,1,0,1,,,,0,1,0,1,0,1,0,1,0,1,0,1,0,1,0,1,0,1,NA,NA,,,,,NA,,,,,,9,1,0,1,0,0,1,switch to left hand?,3,2,3,1.5,1.5,1.5,0,0,0,1,1,1,3,0,0,0,0,0,0,0,0,0,0,0,0,0,0,0,0,6,6,6,1,7,7,7,1,0,0,7,7,7,1,0,0,0,3,NA,0,3,3,3,1,0,9,9,9,1,1,0,0,1,0.92,33,36,2,1,2,0,2,1,2,2,1,1,3,1,2,2,1,1,2,1,0.833333333,1,0.5,1.6,1.5,2,1,1,1,1.666666667,2,1,1,1,1,1.5,1.75,1,NA,NA,NA,NA,NA,NA,NA,NA,NA,NA,NA,NA,NA,NA,1,0,1,0,1,0,0,0,1,0,0,0,,4,1,0,1,0,1,0,NA,0,1,0,0,1,,6,40,22,2,1,6,7,3,,NA,NA,10,7,cauc,NA,NA,1,NA,NA,NA,Tue,50,0,0,0,0,0,0,0,0,1,3,1,0,2,0,0,1,2,0,1,24,1,2,3,1,1,1,0,1,0,0,0,0,1,3,2,1,1,3,3,3,3,2,2,1,3,NA,8,5,20,10,,295,60,55,60,60,60,,
DAM012,0,FSP,ACB,PSL,3.81,2,1,0,1,FSP,7,9,1,5,2,1,5,1,,,0,0,1,3,0,1,0,1,0,1,0,1,0,1,0,1,0,1,0,1,did this condition second,,does a two tipped triangle,,,,,,0,1,0,2,0,1,0,1,0,1,0,1,0,1,0,1,0,1,0,1,keeps trying to make squiggle into a picture,,,,,mirror image,,,0,1,0,1,0,1,0,1,NA,1,0,1,0,1,0,1,0,1,0,1,She didn't want to use the tablet so we did this condition first,,,,,,,,against table face up both hands crease,against table face up  not on line but up to it,"""",,3,4,4,4,3,5,kept using two hands,2,2,2,2.5,2,2,,0,0,0,0,0,0,0,1,0,1,0,1,,,,0,1,0,1,0,1,0,1,0,1,0,0,0,0,1,0,1,0,1,0,,,,,NA,,,,,,10,0,1,1,0,0,1,,4,5,5,2,2.5,2.5,0,0,0,1,1,1,3,0,0,0,0,0,0,0,0,0,0,1,0,0,0,1,0,7,7,7,1,7,7,7,1,0,0,7,7,7,1,0,0,0,3,NA,0,3,3,3,1,3,5,8,9,0.625,1,0,1,1,0.89,33,37,2,2,1,1,2,1,3,2,1,2,3,1,3,2,1,1,2,1,1,1,1,1.5,1.75,1,1,1,1,2,2.25,1.5,1,1,1,1.666666667,2,1,1,0,1,1,1,0,0,0,0,0,0,0,,4,1,0,1,1,1,0,0,0,0,0,0,0,,4,1,0,1,1,1,0,0,0,0,0,0,0,,4,NA,NA,NA,NA,NA,NA,NA,NA,NA,NA,NA,NA,NA,NA,NA,NA,NA,NA,NA,NA,NA,NA,NA,NA,NA,NA,NA,NA,NA,NA,NA,NA,NA,NA,NA,NA,NA,NA,NA,NA,NA,NA,NA,NA,NA,NA,NA,NA,NA,NA,NA,NA,NA,NA,NA,NA,NA,NA,NA,NA,NA,NA,NA,NA,NA,NA,NA,NA,NA,NA,NA,NA,NA,NA,NA,NA,NA,NA,,
DAM013,0,SPF,ACB,PSL,3.28,1,0,0,1,SPF,7,4,1,4,1,1,1,1,,,1,0,0,1,0,1,0,1,0,1,0,1,0,1,0,1,0,1,0,1,,,didn't really draw a shape,,,didn't really draw a shape,"""",wanted to draw himself,1,0,0,3,0,1,0,1,0,1,0,1,0,1,0,1,0,1,0,1,,holds marker with two fingers on top and two on bottom,scribbles,"""","""",almost got close to shape,kind of drew shape,drew friend as a baby,0,0,1,2,0,1,0,1,NA,1,0,1,0,1,0,1,0,1,0,1,circled the demo squiggle,got the circle every time,,,drew an F,,scribbles,,against table face up,against table face up but did the corners rather than the line across,"couldn't figure it out, gave up after a while",,4,5,4,6,2,6,,2.5,3.5,3,2.5,3,2.5,,0,0,0,0,0,0,0,1,0,1,0,1,,,,0,1,0,1,0,1,0,1,0,1,1,0,1,0,0,1,NA,NA,NA,NA,,,,,NA,,,,,,8,0,1,1,0,1,1,started with finger before given the option of marker,4,6,6,3,3.5,3.5,0,0,0,1,1,1,3,0,0,0,0,0,0,0,0,0,0,0,0,0,0,0,0,7,7,7,1,7,7,7,1,0,0,7,7,7,1,0,0,0,3,NA,0,3,3,3,1,2,6,8,8,0.75,1,0,1,1,0.92,33,36,2,1,1,0,0,0,1,1,0,0,0,0,2,1,0,0,0,0,0.5,0.5,0.5,1.333333333,1.5,1,0.333333333,0.5,0,1,1,NA,0.333333333,0.5,0,1.5,1.5,NA,0,0,0,0,0,0,0,0,0,0,0,0,Scribbles,0,0,0,0,0,0,0,0,0,0,0,0,0,Lines/Scribbles,0,0,0,0,0,0,0,0,0,0,0,0,0,Scribbles/Lines,0,NA,NA,2,3,8,3,5,,NA,NA,4,8,cauc,NA,NA,1,NA,NA,NA,Sun,0,0,0,0,0,0,0,0,0,3,4,1,0,2,1,0,2,2,0,1,12,1,4,3,1,1,1,0,0,0,0,0,0,3,5,2,5,1,3,3,4,2,2,1,1,3,1,6,NA,8,0,,140,50,45,45,NA,NA,,
DAM014,0,PFS,CAB,PSL,3.19,1,0,0,1,PFS,7,5,1,4,1,1,4,1,,,0,1,0,3,1,0,0,1,0,1,0,1,0,1,0,1,0,1,0,1,,,,,,,,,0,0,1,1,0,1,0,1,0,1,0,1,0,1,0,1,0,1,0,1,,,,,,,,,1,0,0,2,0,1,0,1,NA,1,0,1,0,1,0,1,0,1,0,1,hand grip may have changed since paper task,,,,grip changed back,,,"drew the body parts on separate parts of the paper, hair on one part, mouth on another part",,on table,folded corner,could not fold middle fold,5,4,4,5,6,6,,1.5,1.5,NA,NA,NA,NA,,NA,NA,NA,NA,NA,NA,NA,NA,NA,NA,NA,NA,,,,NA,NA,NA,NA,NA,NA,NA,NA,NA,NA,NA,NA,NA,NA,NA,NA,NA,NA,NA,NA,,,,,NA,,,,,,NA,NA,NA,NA,NA,NA,NA,,6,6,6,1.5,1.5,1.5,0,0,0,0,0,0,NA,0,0,0,NA,0,0,0,0,0,0,0,0,0,0,NA,0,7,7,7,1,7,7,7,1,0,0,7,7,7,1,NA,NA,NA,NA,NA,NA,NA,NA,NA,NA,NA,NA,NA,NA,NA,NA,NA,NA,NA,1,21,21,2,2,2,1,1,0,1,2,1,1,0,0,2,2,0,1,1,0,0.833333333,0.75,1,1.6,1.666666667,1.5,0.666666667,0.5,1,1.25,1.5,1,0.666666667,0.75,0.5,1.5,1.666666667,1,0,0,0,0,0,0,0,0,0,0,0,0,Scribbles,0,0,0,0,0,0,0,0,0,0,0,0,0,Scribbles,0,0,0,0,0,0,0,0,0,0,0,0,0,Scribbles,0,40,20,2,1,9,3,7.5,,NA,NA,5,8,cauc_other,NA,NA,1,NA,NA,1,Wed,45,0,0,20,0,0,0,0,10,1,2,3,0,1,1,0,1,2,1,1,30,NA,5,4,4,NA,1,0,15,0,0,0,0,1,2,1,2,1,2,3,3,3,3,1,1,3,NA,7,4,20,10,,265,55,60,40,60,50,,
DAM015,0,FSP,ABC,PSL,2.93,1,1,0,1,FSP,7,8,1,4,2,1,5,1,,,0,0,1,1,0,1,0,1,0,1,0,1,0,1,0,1,0,1,0,1,,,,,,,,,0,1,0,2,0,1,1,0,1,0,1,0,1,0,1,0,1,0,1,0,,,,,,,,,0,1,0,3,0,1,1,0,1,NA,1,0,1,0,1,0,1,0,1,0,,,,,,,,,,,,,2,1,1,1,2,1,,0.5,0.5,1,1,0.5,1,,0,0,0,0,0,0,0,1,0,1,1,0,,,,0,1,1,0,0,1,0,1,0,1,0,1,0,1,0,1,NA,NA,NA,NA,,,,,NA,,,,,,8,0,1,1,0,1,0,,2,1,2,1,1,1,0,0,0,1,1,1,3,0,0,0,0,0,0,0,0,0,0,0,0,0,0,0,0,7,7,7,1,0,7,7,0,7,7,0,7,7,0,0,0,0,3,NA,1,2,3,3,0.667,1,7,8,8,0.875,1,0,1,1,0.92,33,36,0,0,0,0,0,0,0,0,0,0,0,0,0,0,0,0,0,0,0,0,0,NA,NA,NA,0,0,0,NA,NA,NA,0,0,0,NA,NA,NA,0,0,0,0,0,0,0,0,0,0,0,0,One dot,0,0,0,0,0,0,0,0,0,0,0,0,0,Scribbles,0,0,0,0,0,0,0,0,0,0,0,0,0,One line,0,NA,NA,NA,NA,NA,NA,NA,NA,NA,NA,NA,NA,NA,NA,NA,NA,NA,NA,NA,NA,NA,NA,NA,NA,NA,NA,NA,NA,NA,NA,NA,NA,NA,NA,NA,NA,NA,NA,NA,NA,NA,NA,NA,NA,NA,NA,NA,NA,NA,NA,NA,NA,NA,NA,NA,NA,NA,NA,NA,NA,NA,NA,NA,NA,NA,NA,NA,NA,NA,NA,NA,NA,NA,NA,NA,NA,NA,NA,,
DAM016,0,SPF,CBA,PSL,4.24,2,1,0,1,SPF,7,4,1,5,2,1,1,1,,,1,0,0,3,0,1,0,1,0,1,0,1,0,1,0,1,0,1,0,1,,,,,,,,,1,0,0,2,0,1,0,1,0,1,0,1,0,1,0,1,0,1,0,1,,,,,,,,,0,0,1,1,0,1,0,1,NA,1,0,1,0,1,0,1,0,1,0,1,,,,,,,,,,folded face down,folded face up,folded more similarly to line 2 and did so face up,10,8,6,8,8,7,,3,3.5,3,3.5,2.5,3,,0,0,0,0,0,0,0,0,0,1,0,1,,,,0,1,0,1,0,1,0,1,0,1,0,1,0,1,0,1,NA,NA,NA,NA,,,,,NA,,,,,,8,0,1,1,0,1,0,,10,8,10,3,3.5,3.5,0,0,0,1,1,1,3,1,0,0,1,0,0,0,0,0,0,0,0,0,0,0,0,7,7,7,1,7,7,7,1,0,0,7,7,7,1,0,0,0,3,NA,0,2,2,3,1,0,8,8,8,1,1,0,1,1,0.89,32,36,2,2,1,1,2,1,2,2,1,1,2,1,2,3,1,1,2,1,1,1,1,1.5,1.75,1,1,1,1,1.5,1.75,1,1,1,1,1.666666667,2,1,1,0,1,1,1,0,0,0,0,0,0,0,,4,1,0,1,0,1,0,0,0,0,0,0,0,,3,1,0,1,1,1,0,0,0,0,0,0,0,,4,40,18,2,2,NA,4,6,,NA,NA,4,7,cauc,NA,NA,1,NA,NA,NA,Thu,0,0,0,5,0,0,0,0,0,1,1,1,1,2,0,0,1,2,0,1,24,1,2,3,1,1,1,0,0,5,0,0,0,1,2,1,3,1,3,3,3,3,4,2,1,2,NA,6,NA,10,5,it seems like on the devices there are many other games so she gets distracted ,260,60,40,45,55,60,,
DAM018,0,FSP,BCA,PSL,5.18,3,1,0,1,FSP,7,5,1,6,2,1,5,1,,,0,0,1,2,0,1,0,1,0,1,0,1,0,1,0,1,0,1,0,1,,,,,,,,,0,1,0,3,0,1,0,1,0,1,0,1,0,1,0,1,0,1,0,1,,,,,,,,,0,1,0,1,0,1,0,1,NA,1,0,1,0,1,0,1,0,1,0,1,,,,,,,,,,folded face up,folded face up,folded face up,6,8,8,8,8,7,,2.5,2.5,2.5,2,2.5,2.5,,0,0,0,0,0,0,0,0,0,1,0,1,,,,0,1,0,1,0,1,0,1,0,1,0,1,0,1,0,1,0,1,NA,NA,,,,,NA,,,,,,9,0,1,1,0,1,0,,8,8,8,2.5,2.5,2.5,0,0,0,1,1,1,3,1,0,0,1,0,0,0,0,0,0,0,0,0,0,0,0,7,7,7,1,7,7,7,1,0,0,7,7,7,1,0,0,0,3,NA,0,2,2,3,1,0,9,9,9,1,1,0,1,1,0.89,33,37,2,3,3,3,3,3,2,2,3,4,2,2,4,2,3,4,2,3,1,1,1,2.833333333,2.75,3,1,1,1,2.5,2,3.5,1,1,1,3,2.75,3.5,1,0,1,0,1,1,1,1,1,0,0,1,,8,1,0,1,1,1,1,1,0,1,0,0,1,,8,1,0,1,1,1,1,1,0,0,0,0,1,,7,NA,NA,NA,NA,NA,NA,NA,NA,NA,NA,NA,NA,NA,NA,NA,NA,NA,NA,NA,NA,NA,NA,NA,NA,NA,NA,NA,NA,NA,NA,NA,NA,NA,NA,NA,NA,NA,NA,NA,NA,NA,NA,NA,NA,NA,NA,NA,NA,NA,NA,NA,NA,NA,NA,NA,NA,NA,NA,NA,NA,NA,NA,NA,NA,NA,NA,NA,NA,NA,NA,NA,NA,NA,NA,NA,NA,NA,NA,,
DAM019,0,SPF,CBA,PSL,3.07,1,0,0,1,SPF,7,6,1,4,1,1,1,1,,,1,0,0,3,0,1,0,1,0,1,0,1,0,1,0,1,0,1,0,1,,,,started drawing with left finger,,,,,1,0,0,2,0,1,0,1,0,1,0,1,0,1,0,1,0,1,0,1,,,,,,,,,0,0,1,1,0,1,0,1,NA,1,0,1,0,1,0,1,0,1,0,1,,,,,,,,,,after folding first corner he folded all corners,tried number 3 but didn't finish and stopped here,,4,2,2,4,2,2,,2.5,2,2.5,2,2,2,,NA,NA,NA,NA,NA,NA,NA,NA,NA,NA,NA,NA,didn't complete this part,,,1,0,1,0,0,1,0,1,0,1,0,1,NA,NA,NA,NA,NA,NA,NA,NA,,,,,NA,,,,,,6,0,1,1,0,0,1,,4,4,4,2.5,2,2.5,0,0,0,0,0,0,NA,0,0,0,NA,0,0,0,0,0,0,0,0,0,0,0,0,7,7,7,1,7,7,7,1,0,0,7,7,7,1,NA,NA,NA,NA,NA,NA,NA,NA,NA,NA,2,4,6,6,0.667,1,0,1,1,1,28,28,1,1,0,1,1,0,0,0,0,0,1,0,0,0,0,0,0,0,0.666666667,0.75,0.5,1,1,1,0.166666667,0.25,0,1,1,NA,0,0,0,NA,NA,NA,0,0,0,0,0,1,0,0,1,0,0,0,Arms not coded but may be present,2,1,0,0,0,0,0,0,0,1,0,0,0,"Line across the head not coded, but may be a mouth",2,0,0,0,0,0,0,0,0,0,0,0,0,Scribbles/Lines,0,NA,NA,NA,NA,NA,NA,NA,NA,NA,NA,NA,NA,NA,NA,NA,NA,NA,NA,NA,NA,NA,NA,NA,NA,NA,NA,NA,NA,NA,NA,NA,NA,NA,NA,NA,NA,NA,NA,NA,NA,NA,NA,NA,NA,NA,NA,NA,NA,NA,NA,NA,NA,NA,NA,NA,NA,NA,NA,NA,NA,NA,NA,NA,NA,NA,NA,NA,NA,NA,NA,NA,NA,NA,NA,NA,NA,NA,NA,,
DAM020,0,PFS,BAC,PSL,5.03,3,1,0,1,PFS,7,7,1,1,2,1,4,1,Alex,Luke,0,1,0,2,0,1,0,1,0,1,0,1,0,1,0,1,0,1,0,1,,,,,,,,,0,0,1,1,0,1,0,1,0,1,0,1,0,1,0,1,0,1,0,1,,,,,,,,,1,0,0,3,0,1,0,1,NA,1,0,1,0,1,0,1,0,1,0,1,,,,,,,,,,,,,8,8,6,6,6,4,,1.5,0.5,2,1.5,2,2.5,,0,0,0,0,0,0,0,1,0,1,0,1,,,,1,0,0,1,0,1,0,1,0,1,0,1,0,1,0,1,0,1,0,1,,,,,NA,,,,,,10,0,1,1,0,0,1,,8,8,8,2,2.5,2.5,0,0,0,1,1,1,3,0,0,0,0,0,0,0,0,0,0,0,0,0,0,0,0,7,7,7,1,7,7,7,1,0,0,7,7,7,1,0,0,0,3,NA,0,3,3,3,1,1,9,10,10,0.9,1,0,1,1,0.92,35,38,3,3,3,3,3,2,2,2,2,3,2,2,2,3,3,3,3,2,1,1,1,2.833333333,2.75,3,1,1,1,2.166666667,2,2.5,1,1,1,2.666666667,2.5,3,1,0,0,0,0,1,0,0,1,0,0,0,,3,1,0,0,0,0,1,0,0,1,0,0,0,,3,1,0,0,0,0,1,0,0,1,0,0,0,,3,NA,NA,NA,NA,NA,NA,NA,NA,NA,NA,NA,NA,NA,NA,NA,NA,NA,NA,NA,NA,NA,NA,NA,NA,NA,NA,NA,NA,NA,NA,NA,NA,NA,NA,NA,NA,NA,NA,NA,NA,NA,NA,NA,NA,NA,NA,NA,NA,NA,NA,NA,NA,NA,NA,NA,NA,NA,NA,NA,NA,NA,NA,NA,NA,NA,NA,NA,NA,NA,NA,NA,NA,NA,NA,NA,NA,NA,NA,,
DAM021,0,SPF,ABC,PSL,7.15,3,1,0,1,SPF,7,5,1,8,2,1,1,1,,,1,0,0,1,0,1,0,1,0,1,0,1,0,1,0,1,0,1,0,1,,,,asked if it was upside down (novel triangle),,,,,1,0,0,2,0,1,0,1,0,1,0,1,0,1,0,1,0,1,0,1,,,,,,,,,0,0,1,3,0,1,0,1,NA,1,0,1,0,1,0,1,0,1,0,1,,,,,,,for the most part drew shapes very quickly and seemed more worried about speed than accurate copying,,,folded paper in the air,"folded in air, went back to fix fold",folded in air,6,7,5,8,7,8,,3,3,2.5,3,2.5,3.5,started to do more of a squeeze than a pinch,0,0,0,0,0,0,0,1,0,0,0,1,,,,0,1,0,1,0,1,0,1,0,1,0,1,0,1,0,1,0,1,0,1,,,,,NA,,,,,fell on when she put this block on,10,0,1,1,0,1,0,,7,8,8,3,3.5,3.5,0,0,0,1,1,1,3,0,1,0,1,0,0,0,0,0,0,0,0,0,0,0,0,7,7,7,1,7,7,7,1,0,0,7,7,7,1,0,0,0,3,NA,0,2,2,3,1,0,10,10,10,1,1,0,1,1,0.89,34,38,3,3,2,2,3,2,3,3,3,4,3,2,3,3,3,4,3,3,1,1,1,2.5,2.75,2,1,1,1,3,2.75,3.5,1,1,1,3.166666667,3,3.5,1,0,1,0,1,0,0,0,0,0,0,1,,4,1,0,1,0,1,0,0,0,0,0,0,1,,4,1,0,1,0,1,0,0,0,0,0,0,1,,4,NA,NA,NA,NA,NA,NA,NA,NA,NA,NA,NA,NA,NA,NA,NA,NA,NA,NA,NA,NA,NA,NA,NA,NA,NA,NA,NA,NA,NA,NA,NA,NA,NA,NA,NA,NA,NA,NA,NA,NA,NA,NA,NA,NA,NA,NA,NA,NA,NA,NA,NA,NA,NA,NA,NA,NA,NA,NA,NA,NA,NA,NA,NA,NA,NA,NA,NA,NA,NA,NA,NA,NA,NA,NA,NA,NA,NA,NA,,
DAM022,0,SFP,CAB,LehmanLab,4.25,2,1,0,1,SPF,7,4,1,5,2,1,1,1,,,1,0,0,3,0,1,0,1,0,1,0,1,0,1,NA,NA,NA,NA,NA,NA,,,,,,did not finish,did not finish,did not finish,1,0,0,3,0,1,0,1,0,1,0,1,0,1,0,1,0,1,0,1,did this after using finger,,,,,,,,0,0,1,2,0,1,0,1,NA,1,0,1,0,1,0,1,0,1,0,1,,used thumb,used thumb,used thumb,used thumb-seemed bored and wnted to scribble and not copy the shapes,used several different fingers,used thumb and knuckle of thumb,used thumb and knuckle of thumb,,folded face up(more of a roll),folded/rolled face up,crinkled whole paper,8,6,4,6,NA,NA,used two hands for trial one (left) and trial 2 (right),2,2,2,2,2,2,,0,1,NA,NA,NA,NA,1,0,0,1,1,0,,did not try to catch,used head to hit ball and used left hand to put ball on head and try to throw with head,0,1,0,1,0,1,0,1,0,1,0,1,0,1,0,1,0,1,NA,NA,,,,,NA,,,,,,9,0,1,1,0,0,1,used thumb,8,6,8,2,2,2,0,0,0,0,0,0,0,0,0,0,0,0,0,0,0,0,0,0,0,0,0,0,0,4,4,4,1,7,7,7,1,0,0,7,7,7,1,0,1,1,1,1,2,1,3,3,0.333,0,9,9,9,1,1,0,1,1,1,32,32,2,1,0,0,0,0,0,0,0,0,1,1,1,0,0,0,0,0,0.333333333,0.5,0,1.5,1.5,NA,0.333333333,0.5,0,1,1,NA,0.166666667,0.25,0,1,1,NA,0,0,0,0,0,0,0,0,0,0,0,0,Scribbles,0,0,0,0,0,0,0,0,0,0,0,0,0,Scribbles,0,NA,NA,NA,NA,NA,NA,NA,NA,NA,NA,NA,NA,Nothing drawn,NA,38,20,2,3,7,4,4,4,NA,NA,4,7,cauc,NA,NA,1,NA,NA,NA,Mon,60,0,0,0,0,0,0,0,10,1,2,2,1,2,1,0,3,2,0,1,36,1,3,4,3,1,1,0,0,10,0,0,0,1,2,1,2,2,1,3,3,2,2,2,2,3,1,9,5,5,15,,240,55,45,35,60,45,,
DAM023,0,PFS,ABC,LehmanLab,4.29,2,0,0,1,PFS,7,4,1,5,1,1,4,1,,,0,1,0,1,0,1,0,1,0,1,0,1,0,1,0,1,0,1,0,1,holds it with four fingers wrapped around and thumb on bottom of marker,,,,,,kept asking how to make the shapes,,0,0,1,2,0,1,0,1,0,1,0,1,0,1,0,1,0,1,0,1,,kept drawing bigger circles around the smaller ones,,scribbles,,scribbles,did a bunch of dots,drew it upside down for paul to see,1,0,0,3,0,1,0,1,NA,1,0,1,0,1,0,1,0,1,0,1,keeps asking about the stylist and how it works,scribbles,keeps stabbing tablet,,,"drew a ""fish tank""",started drawing before shape was down,,"against table face up, then picked it up and folded it the other way","rolled it up to the line, against table face up",just rolled it all the way up,,6,6,6,6,6,6,kept looking at the gage while he was squeezing,2.5,2.5,2.5,2.5,2.5,3,,NA,NA,NA,NA,NA,NA,0,0,0,0,1,1,didn't catch,"""","""",0,1,1,0,1,0,1,0,NA,NA,NA,NA,NA,NA,NA,NA,NA,NA,NA,NA,,pancaked the tower with both hands to straighten it,,,NA,,,,,,4,0,1,1,0,1,1,did both finger and marker at same time,6,6,6,2.5,3,3,0,0,0,0,0,0,NA,1,1,1,3,0,0,0,0,0,0,0,0,0,0,0,0,7,7,7,1,7,7,7,1,0,0,7,7,7,1,NA,NA,NA,NA,NA,1,1,2,5,0.5,3,1,4,4,0.25,1,0,1,1,0.9,28,31,0,2,0,0,1,0,2,2,0,1,1,0,2,0,0,1,1,0,0.333333333,0.5,0,1.5,1.5,NA,0.666666667,0.75,0.5,1.5,1.666666667,1,0.5,0.5,0.5,1.333333333,1.5,1,0,0,0,0,0,0,0,0,0,0,0,0,Scribbles,0,0,0,0,0,0,0,0,0,0,0,0,0,Scribbles,0,0,0,0,0,0,0,0,0,0,0,0,0,Scribbles,0,38,20,2,3,7,4,4,4,NA,NA,4,7,cauc,NA,NA,1,NA,NA,NA,Mon,60,0,0,0,0,0,0,0,0,1,2,2,1,2,1,0,3,2,0,1,36,1,3,1,3,1,1,0,0,0,0,0,0,1,2,1,2,2,1,3,3,2,2,2,2,3,1,9,5,5,15,,260,60,55,35,60,50,,
DAM024,0,FSP,ABC,LehmanLab,4.29,2,0,0,1,FSP,7,4,1,5,1,1,5,1,,,0,0,1,1,0,1,0,1,0,1,0,1,0,1,0,1,0,1,0,1,kept trying to turn it sideways,drew two circles,,did the V part upside down,scribbles,did dots and kept hitting the tablet,,scribbles,0,1,0,2,0,1,0,1,0,1,0,1,0,1,0,1,0,1,0,1,,,,,,,"scribbles, seemed like he was done drawing shapes",scribbles,0,1,0,3,0,1,0,1,NA,1,0,1,0,1,0,1,0,1,0,1,,"grabbed with left, drew with right hand",just stabbed the paper,"""",drew square then scribbled on it,started shape then scribbled,,scribbled to be done,face down against table,"face up against table, folded on line then rolled it up","folded up to line, face up against the table",,6,8,6,5,NA,NA,didn't want to do it anymore so only got 2 trials,2.5,2.5,1.5,0,NA,NA,Didn't want to continue,0,0,NA,NA,NA,NA,0,0,0,1,1,0,,didn't catch,"""",0,1,1,0,0,1,0,1,1,0,NA,NA,NA,NA,NA,NA,NA,NA,NA,NA,,,,,NA,,,,,,5,0,1,1,0,1,1,picked marker but also used finger,6,8,8,2.5,2.5,2.5,0,0,0,1,0,0,1,1,0,0,1,0,0,0,0,0,0,0,0,0,0,0,0,7,7,7,1,7,7,7,1,0,0,7,7,7,1,0,0,0,1,NA,1,1,2,3,0.5,2,3,5,5,0.6,1,0,1,1,0.94,29,31,1,0,0,1,1,0,1,1,0,0,0,0,1,2,3,0,1,0,0.5,0.5,0.5,1,1,1,0.333333333,0.5,0,1,1,NA,0.666666667,0.75,0.5,1.75,1.333333333,3,0,0,0,0,0,0,0,0,0,0,0,0,Scribbles,0,0,0,0,0,0,0,0,0,0,0,0,0,Scribbles,0,0,0,0,0,0,0,0,0,0,0,0,0,Scribbles,0,38,20,2,3,7,4,4,4,NA,NA,4,7,cauc,NA,NA,1,NA,NA,NA,Mon,60,0,0,0,0,0,0,0,0,1,2,2,1,2,1,0,3,2,0,1,36,1,3,4,3,1,1,0,0,0,0,0,0,1,2,1,2,2,1,3,3,2,2,2,2,3,1,9,5,5,15,,260,60,55,35,60,50,,
DAM025,0,PFS,ABC,MP,4.23,2,1,0,1,PFS,7,5,1,5,2,8,4,1,,,0,1,0,1,0,1,0,1,0,1,0,1,0,1,0,1,0,1,0,1,,,,,,,,"turned the paper because mother is very tall, did head then legs and then filled in the body",0,0,1,2,0,1,0,1,0,1,0,1,0,1,0,1,0,1,0,1,much faster with the finger,,,,,,triangle better with finger,,1,0,0,3,0,1,0,1,NA,1,0,1,0,1,0,1,0,1,0,1,,,,best novel cross,,,,,,,folded corner instead of along line,folded another corner,5,4,3,4,4,4,,2,3,2,2.5,2,2,held the dynamiter strangely with her right hand,0,0,0,0,0,0,0,1,0,1,0,1,,,,0,0,0,0,0,1,0,1,0,1,0,1,0,1,0,1,0,1,0,1,,,,,NA,,,,,,10,0,1,1,0,0,1,,5,4,5,2,3,3,0,0,0,1,1,1,3,0,0,0,0,1,1,0,0,0,0,0,0,0,0,2,0,7,7,7,1,7,7,7,1,0,0,7,7,7,1,0,0,0,3,NA,0,3,3,3,1,0,8,8,10,1,1,0,1,1,0.87,33,38,4,2,2,1,3,1,2,2,1,1,2,1,2,3,2,1,2,1,1,1,1,2.166666667,2.5,1.5,1,1,1,1.5,1.75,1,1,1,1,1.833333333,2,1.5,1,0,1,1,1,1,1,0,1,0,0,0,,7,1,0,1,1,1,1,1,1,1,0,0,1,,9,1,0,1,0,0,1,1,0,1,0,0,1,,5,44,23,2,3,NA,7,4,,NA,NA,5,7,cauc,NA,NA,1,NA,NA,NA,Sun,4,0,0,0,0,0,0,0,0,2,2,1,1,2,1,1,2,2,3,1,18,1,3,4,1,1,1,0,0,0,0,0,0,1,3,1,3,1,2,4,4,2,2,3,1,1,3,9,7,15,10,,170,55,60,55,NA,NA,,
DAM026,0,FSP,ACB,MP,5.32,3,0,0,1,FSP,7,4,1,6,1,8,5,1,,,0,0,1,1,0,1,0,1,0,1,0,1,0,1,0,1,0,1,0,1,,,,,,,said it looks like bricks,drew grannie,0,1,0,3,0,1,0,1,0,1,0,1,0,1,0,1,0,1,0,1,,,,,,,"said cross was a sideways ""x""",grandpa,0,1,0,2,0,1,0,1,NA,1,0,1,0,1,0,1,0,1,0,1,,smaller than on tablet,,"drew base first, different from tablet",,,,"friend, said he looks like himself","asked which way to fold it, folded against table face up",against table face up,"against table face up, creased it",,7,7,10,9,8,10,,3.5,2,2.5,1.5,3,2.5,,0,0,0,0,0,0,0,1,0,1,0,1,,,,0,1,0,1,0,1,0,1,0,1,0,1,0,1,0,1,0,1,0,1,,uses left hand to straighten tower,,,NA,,,,,,10,0,1,1,0,1,0,"drew a skyscraper, asked what the participant before him drew",10,10,10,3.5,2.5,3.5,0,0,0,1,1,1,3,0,0,0,0,0,0,0,0,0,0,0,0,0,0,0,0,7,7,7,1,7,7,7,1,0,0,7,7,7,1,0,0,0,3,NA,0,3,3,3,1,0,10,10,10,1,1,0,1,1,0.92,35,38,4,3,4,3,3,3,2,3,4,3,3,2,2,3,3,3,3,3,1,1,1,3.333333333,3.25,3.5,1,1,1,2.833333333,2.5,3.5,1,1,1,2.833333333,2.75,3,1,0,1,0,0,1,1,0,1,0,1,1,,7,1,0,1,0,0,1,1,0,1,0,0,0,,5,1,0,1,0,0,1,1,0,1,0,0,1,,6,40,18,2,3,7,5,,,NA,NA,4,6,cauc,NA,NA,1,NA,NA,NA,Fri,80,0,0,0,0,0,0,0,0,1,2,2,1,0,1,0,2,2,0,1,18,NA,5,3,NA,NA,NA,0,80,0,0,0,0,1,2,1,2,2,1,4,3,2,2,3,1,2,NA,8,7,20,15,,NA,NA,NA,NA,NA,NA,,
DAM027,0,SPF,ACB,MP,3.78,2,0,0,1,SPF,7,10,1,5,1,8,1,1,,,1,0,0,1,0,1,0,1,0,1,0,1,0,1,0,1,0,1,0,1,"grabbed marker with left, drew with right",,,drew v part upside down,,,drew it vertical,"tadpole person, not sure what is coming off the legs",1,0,0,3,0,1,0,1,0,1,0,1,0,1,0,1,0,1,0,1,,,,,drew the shape and then squiggles,got the v the right way this time,in 3 lines,tadpole person,0,0,1,2,0,1,0,1,NA,1,0,1,0,1,0,1,0,1,0,1,bunch of scribbles,,in 4 lines,did the v the right way,"does shape then scribbles, said something about drawing a forest",,said it is hiding in a forest too,his friend going to a movie theater,"traced all the lines with his finger, then folded against table face up","against table face up, up to line not on it","against table face up, folded corner up to middle line",,6,4,4,4,4,6,,2,2,1.5,1.5,2,1.5,,0,1,0,1,0,1,0,1,0,1,0,1,held right hand out to catch but didn't,"""","""",1,0,0,1,1,0,1,0,0,1,0,1,0,1,0,1,0,1,0,1,,,,,NA,,,,,,10,0,0,1,0,1,0,started with left and switched to right hand,6,6,6,2,2,2,0,0,0,0,0,0,0,0,0,0,0,0,0,0,0,0,0,0,0,0,0,0,0,7,7,7,1,7,7,7,1,0,0,7,7,7,1,0,3,3,3,1,0,3,3,3,1,3,7,10,10,0.7,0,1,NA,1,0.97,37,38,2,2,1,1,0,0,2,2,1,1,0,0,2,1,1,1,0,0,0.666666667,0.5,1,1.5,2,1,0.666666667,0.5,1,1.5,2,1,0.666666667,0.5,1,1.25,1.5,1,0,0,0,0,0,0,0,0,0,0,0,0,Scribbles,0,1,0,0,0,0,0,1,0,1,1,0,0,,4,1,0,0,1,0,0,0,0,1,1,0,0,,5,38,18,2,3,7,3,,,NA,NA,10,7,cauc,NA,NA,1,NA,NA,NA,Thu,25,0,0,40,0,0,0,0,0,2,2,2,0,2,0,0,1,2,0,1,24,NA,NA,3,NA,NA,2,0,0,0,0,0,0,1,2,1,2,2,1,3,3,1,1,3,1,2,NA,9,10,20,30,,225,55,40,25,60,45,,
DAM028,0,SPF,BAC,MP,3.47,1,1,0,1,SPF,7,2,1,4,2,8,1,1,,,1,0,0,2,0,1,0,1,0,1,0,1,0,1,0,1,0,1,0,1,had to change grip to prevent screen from freezing,,,,,,,,1,0,0,1,0,1,0,1,0,1,0,1,0,1,0,1,0,1,0,1,,,,,,,,,0,0,1,3,0,1,0,1,NA,1,0,1,0,1,0,1,0,1,0,1,,,,,,,,turned the tablet upside down after drawing head close to the bottom of the screen,,,,,5,6,4,6,5,7,,2,2,2,1.5,1.5,2,,0,0,0,0,0,0,0,1,0,1,0,1,,,,0,1,0,1,0,1,0,1,0,1,0,1,0,1,NA,NA,NA,NA,NA,NA,,,,,NA,,,,,,7,0,1,0,1,NA,NA,,5,7,7,2,2,2,0,0,0,1,1,1,3,0,0,0,0,0,0,0,0,0,0,0,0,0,0,0,0,7,7,7,1,7,7,7,1,0,0,7,7,7,1,0,0,0,3,NA,0,3,3,3,1,0,7,7,7,1,1,0,1,1,0.91,32,35,1,2,2,1,2,1,1,2,2,1,1,1,1,2,2,1,1,0,1,1,1,1.5,1.5,1.5,1,1,1,1.333333333,1.25,1.5,0.833333333,0.75,1,1.4,1.333333333,1.5,1,0,1,0,0,1,0,0,1,1,0,1,,6,1,0,1,0,0,1,0,0,1,1,0,1,"scribble on face not coded, but could be nose and/or mouth",6,1,0,1,0,0,1,0,0,1,1,0,0,,5,3,24,2,1,8,3,,,NA,NA,2,8,cauc,NA,NA,1,NA,NA,NA,Thu,60,0,0,0,0,0,0,0,0,1,2,2,0,3,1,0,3,2,0,1,18,1,3,1,1,1,1,0,0,0,0,0,0,1,3,1,3,1,3,4,4,3,2,2,1,2,1,8,6,15,8,,280,60,50,50,60,60,,
DAM029,0,PFS,BCA,PSL,5.7,3,0,0,1,PFS,8,11,1,7,1,1,4,1,Carson,Graham Lowe,0,1,0,2,1,0,1,0,1,0,1,0,1,0,1,0,1,0,1,0,,,,,,,,,0,0,1,3,0,1,0,1,0,1,0,1,0,1,0,1,0,1,0,0,,,,,,,,switched hands in middle,1,0,0,1,1,0,1,0,1,NA,1,0,1,0,1,0,1,0,1,0,,,,,,,,,,,,,10,10,10,10,8,7,,3,3,2,3,3,2.5,,0,0,0,0,0,0,1,0,0,1,0,1,,,,0,1,0,1,0,1,0,1,0,1,0,1,0,1,0,1,0,1,0,1,,,,,NA,,,,,,10,1,0,1,0,1,0,,10,10,10,3,3,3,0,1,0,1,1,1,3,0,0,0,0,0,0,0,0,0,0,0,0,0,0,0,7,0,7,7,0,6,6,7,1,0,7,0,7,7,0,0,0,0,3,NA,1,2,3,3,0.667,0,10,10,10,1,1,0,0,1,0.89,34,38,2,3,3,3,2,2,3,4,3,3,3,3,3,3,3,3,2,2,1,1,1,2.5,2.25,3,1,1,1,3.166666667,3.25,3,1,1,1,2.666666667,2.5,3,1,1,1,0,1,1,1,0,1,0,0,0,,7,1,1,1,0,1,1,1,0,1,0,0,0,,7,1,1,1,0,1,1,1,0,1,0,0,0,,7,35,22,2,3,6,5,2,,NA,NA,11,5,hisp,NA,NA,NA,1,NA,NA,Fri ,30,0,0,0,0,0,0,15,15,1,2,1,0,2,0,0,2,1,0,1,36,NA,4,4,NA,NA,NA,0,30,0,0,0,0,1,3,1,3,2,1,4,3,3,3,3,1,2,NA,10,7,40,20,,290,55,55,60,60,60,,
DAM030,0,SPF,BAC,PSL,5.3,3,1,0,1,SPF,8,4,1,6,2,1,1,1,,,1,0,0,2,0,1,0,1,0,1,0,1,0,1,0,1,0,1,0,1,,,,,,,the tablet made a line that messed up the shape,,1,0,0,1,0,1,0,1,0,1,0,1,0,1,0,1,0,1,0,1,now drawing while standing,drew all the shapes really fast,,,,,,,0,0,1,3,0,1,0,1,NA,1,0,1,0,1,0,1,0,1,0,1,,,,,,,,,,in the air and on the table,folded 2 corners,,5,5,6,8,5,7,,2.5,2.5,2.5,2,2,1.5,,0,0,0,0,0,0,0,1,0,1,0,1,,,,0,1,0,1,0,1,0,1,0,1,0,1,0,1,0,1,0,1,0,1,,,,,NA,,,,,,10,0,1,1,0,1,0,,6,8,8,2.5,2.5,2.5,0,0,0,1,1,1,3,0,0,0,0,0,0,0,0,0,0,0,0,0,0,0,0,7,7,7,1,7,7,7,1,0,0,7,7,7,1,0,0,0,3,NA,0,3,3,3,1,0,10,10,10,1,1,0,1,1,0.92,35,38,2,3,3,2,2,1,2,2,2,2,1,2,2,3,3,2,2,1,1,1,1,2.166666667,2,2.5,1,1,1,1.833333333,1.75,2,1,1,1,2.166666667,2,2.5,1,0,1,0,1,1,1,1,0,0,0,1,"Scribbled line on the bottom not coded, but could be feet",7,1,0,1,0,1,1,1,1,1,0,0,1,,8,1,0,1,0,1,1,1,1,0,0,0,0,"scribble at bottom not coded, but could be feet",6,NA,NA,NA,NA,NA,NA,NA,NA,NA,NA,NA,NA,NA,NA,NA,NA,NA,NA,NA,NA,NA,NA,NA,NA,NA,NA,NA,NA,NA,NA,NA,NA,NA,NA,NA,NA,NA,NA,NA,NA,NA,NA,NA,NA,NA,NA,NA,NA,NA,NA,NA,NA,NA,NA,NA,NA,NA,NA,NA,NA,NA,NA,NA,NA,NA,NA,NA,NA,NA,NA,NA,NA,NA,NA,NA,NA,NA,NA,,
DAM031,0,SPF,BCA,Museum,5.04,3,1,0,1,SPF,8,7,1,6,2,7,1,1,,,1,0,0,2,0,1,0,1,0,1,0,1,0,1,0,1,0,1,0,1,,,,,,,,,1,0,0,3,0,1,0,1,0,1,0,1,0,1,0,1,0,1,0,1,,,,,,,,,0,0,1,1,0,1,0,1,NA,1,0,1,0,1,0,1,0,1,0,1,,,,,,,,,,,folded line,folded to middle line,6,8,5,4,4,6,,2.5,3,2.5,1,3,2.5,,0,0,0,0,0,0,0,0,0,0,1,1,,,,1,0,1,0,1,0,1,0,1,0,1,0,1,0,1,0,1,0,1,0,,,,,NA,,,,,,10,NA,NA,1,0,1,0,,6,8,8,3,3,3,0,0,0,1,1,1,3,1,1,1,NA,0,0,0,0,0,0,0,0,0,0,0,0,7,7,7,1,7,7,7,1,0,0,7,7,7,1,0,0,0,3,NA,1,1,2,5,0.5,10,0,10,10,0,NA,NA,NA,NA,0.85,33,39,3,2,3,2,2,1,3,2,3,2,3,1,2,2,3,2,2,1,1,1,1,2.166666667,2,2.5,1,1,1,2.333333333,2.25,2.5,1,1,1,2,1.75,2.5,NA,NA,NA,NA,NA,NA,NA,NA,NA,NA,NA,NA,NA,NA,1,0,1,0,1,1,1,0,1,0,0,0,,6,NA,NA,NA,NA,NA,NA,NA,NA,NA,NA,NA,NA,NA,NA,32,18,2,2,7,5,2,,5,NA,7,6,cauc,NA,NA,1,NA,NA,NA,Thu,0,0,0,0,0,0,0,0,0,3,2,3,0,1,0,0,0,2,0,0,NA,NA,NA,NA,NA,NA,NA,NA,NA,NA,NA,NA,NA,NA,NA,NA,NA,NA,NA,NA,NA,NA,NA,NA,NA,NA,NA,NA,NA,NA,NA,,NA,NA,NA,NA,NA,NA,,
DAM032,0,PSF,CAB,Museum,2.67,1,0,0,1,PFS,8,12,1,4,1,7,4,1,Jack,Daddy,0,1,0,3,0,1,0,1,0,1,0,1,0,1,0,1,0,1,0,1,,,,,,,,,0,0,1,1,0,1,0,1,0,1,0,1,0,1,0,1,0,1,0,1,,,,,,,,,1,0,0,1,0,1,0,1,NA,1,0,1,0,1,1,0,1,0,1,0,,,,,,,,,,ripped paper in half,,,1,1,1,1,NA,NA,only did 2 trials / ,1.5,1.5,1.5,2,1.5,1.5,,0,1,0,1,0,0,0,1,0,0,0,0,,,,1,0,1,0,1,0,1,0,1,0,1,0,1,0,1,0,NA,NA,NA,NA,,,,,NA,,,,,,8,0,1,1,0,1,0,,1,1,1,1.5,2,2,0,0,0,0,0,1,1,0,0,1,1,0,0,0,0,0,0,0,0,0,0,0,0,7,7,7,1,7,7,7,1,0,3,4,7,7,0.571,0,2,2,3,1,0,1,1,2,1,8,0,8,8,0,1,0,1,1,0.94,33,35,0,0,0,0,0,0,0,0,0,0,0,0,0,0,0,0,0,0,0,0,0,NA,NA,NA,0,0,0,NA,NA,NA,0,0,0,NA,NA,NA,0,0,0,0,0,0,0,0,0,0,0,0,Scribble,0,0,0,0,0,0,0,0,0,0,0,0,0,Scribbles,0,0,0,0,0,0,0,0,0,0,0,0,0,Scribble,0,2,18,2,1,8,2,,,NA,NA,12,8,cauc,NA,NA,1,NA,NA,NA,Thu,120,10,0,0,0,0,0,0,10,2,2,2,1,0,0,0,2,2,1,1,9,1,4,5,1,1,1,0,0,10,0,0,0,2,1,2,1,2,1,3,3,3,3,1,1,2,2,3,NA,5,NA,,NA,NA,NA,NA,NA,NA,,
DAM033,0,PFS,CAB,Museum,7.7,3,1,0,1,PFS,8,11,1,9,2,7,4,1,,,0,1,0,3,0,1,0,1,0,1,0,1,0,1,0,1,0,1,0,1,,,,,,,,,0,0,1,1,0,1,0,1,0,1,0,1,0,1,0,1,0,1,0,1,,,,,,,,,1,0,0,2,0,1,0,1,NA,1,0,1,0,1,0,1,0,1,0,1,,,,,,,,,,,,,10,10,12,10,12,8,,2.5,2.5,3,3,2.5,3,,0,0,0,0,0,0,0,1,0,0,0,0,,,,0,1,0,0,0,1,0,0,0,0,0,0,1,0,0,0,0,0,0,1,,,,,NA,,,,,,10,0,1,1,0,0,1,,12,10,12,3,3,3,0,0,0,1,1,1,3,0,0,1,1,0,1,0,1,1,1,1,1,1,1,8,0,7,7,7,1,7,7,7,1,0,0,7,7,7,1,0,0,0,3,NA,0,1,1,2,1,1,3,4,12,0.75,1,0,1,1,0.69,27,39,3,3,2,3,2,3,2,4,2,3,3,3,3,3,3,4,4,4,1,1,1,2.666666667,2.75,2.5,1,1,1,2.833333333,3,2.5,1,1,1,3.5,3.5,3.5,1,0,0,0,0,1,1,0,1,0,0,1,,5,1,0,1,1,1,1,1,0,1,0,1,1,,9,1,0,0,0,0,1,1,0,1,0,0,1,,5,37,18,2,2,8,7,6,4,NA,NA,11,3,cauc,NA,NA,1,NA,NA,NA,Thu,0,0,0,0,0,15,0,0,15,1,2,1,0,2,0,0,1,1,0,1,2,NA,4,4,NA,NA,NA,0,15,15,0,0,0,1,3,1,3,1,3,3,3,4,4,2,1,2,1,7,3,20,5,,NA,NA,NA,NA,NA,NA,,
DAM035,0,SPF,CBA,PSL,4.48,2,1,0,1,SPF,8,2,1,5,2,8,1,1,Aida,Gabriel,1,0,0,3,0,1,0,1,0,1,0,1,0,1,0,1,0,1,0,1,,,,,,,,,1,0,0,2,0,1,0,1,0,1,0,1,0,1,0,1,0,1,0,1,,,,,,,,,0,0,1,1,0,1,0,1,NA,1,0,1,0,1,0,1,0,1,0,1,,,,,,,,,,,,,6,6,8,6,7,7,,2.5,2.5,2,2,2,2.5,,0,0,0,0,0,0,0,1,0,1,0,1,,,,0,1,0,1,0,1,0,1,0,1,0,0,0,1,0,1,0,1,0,1,,,,,NA,Knocked one over and put it back with left hand,,,,,10,0,1,1,0,1,0,,8,7,8,2.5,2.5,2.5,0,0,0,1,1,1,3,0,0,0,0,0,0,0,0,0,1,0,0,0,0,1,0,7,7,7,1,7,7,7,1,0,0,7,7,7,1,0,0,0,3,NA,0,3,3,3,1,0,9,9,10,1,1,0,1,1,0.89,34,38,2,2,3,1,2,2,2,3,2,2,3,2,2,2,3,2,2,2,1,1,1,2,2,2,1,1,1,2.333333333,2.5,2,1,1,1,2.166666667,2,2.5,1,0,1,1,1,1,0,0,1,0,0,1,,7,1,0,1,1,1,1,0,0,1,0,0,1,,7,1,0,1,1,1,1,0,0,1,0,0,1,,8,33,20,2,3,10,4,,,NA,NA,2,7,cauc,NA,NA,1,NA,NA,NA,Thu,30,0,0,0,0,0,0,0,10,1,2,2,0,2,3,2,1,2,2,1,NA,NA,2,1,1,NA,NA,0,10,0,0,0,0,1,3,1,3,1,2,4,4,3,3,1,1,2,NA,10,2,60,10,,285,60,60,50,60,55,,
DAM036,0,FSP,ABC,PSL,3.9,2,1,0,1,FSP,8,9,1,5,2,1,5,1,,,0,0,1,1,0,1,0,1,0,1,0,1,0,1,0,1,0,1,0,1,,,,,,,,,0,1,0,2,0,1,0,1,0,1,0,1,0,1,0,1,0,1,0,1,,,,,,,,,0,1,0,3,0,1,0,1,NA,1,0,1,0,1,0,1,0,1,0,1,,,,,,,,,,,folded another corner,folded wrong direction,4,5,5,6,3,1,,0.5,1,0.4,1.5,0.5,1,,0,0,0,0,0,0,0,1,0,1,0,1,,,,0,1,0,1,0,1,0,1,0,1,0,1,0,1,0,0,0,0,NA,NA,,,,,NA,,,,,,9,0,1,1,0,1,0,,5,6,6,0.5,1.5,1.5,0,0,0,1,1,1,3,0,0,0,0,0,0,0,0,0,0,0,0,1,0,1,0,7,7,7,1,7,7,7,1,0,0,7,7,7,1,0,0,0,3,NA,0,3,3,3,1,0,7,7,8,1,1,0,1,1,0.89,32,36,2,2,1,1,2,0,0,1,2,1,2,0,2,1,1,1,2,0,0.833333333,0.75,1,1.6,2,1,0.666666667,0.5,1,1.5,1.5,1.5,0.833333333,0.75,1,1.4,1.666666667,1,1,0,1,0,1,0,0,0,1,0,0,0,,4,1,0,1,0,1,0,0,0,1,0,0,0,,4,1,0,1,0,1,0,0,0,1,0,0,0,,4,40,18,2,1,NA,6,3,,NA,NA,9,7,cauc,NA,NA,1,NA,NA,NA,Wed ,2,0,20,0,0,0,0,0,0,2,1,2,1,2,0,0,3,2,1,1,12,NA,4,5,NA,NA,NA,0,0,20,0,0,0,1,2,1,3,1,2,4,4,3,2,2,1,2,1,9,4,20,5,,275,55,40,60,60,60,,
DAM037,0,PFS,ACB,Museum,3.92,2,1,0,1,PFS,8,9,1,5,2,7,4,1,,,0,1,0,1,0,1,0,1,0,1,0,1,0,1,0,1,0,1,0,1,,,,drew upsidedown,,,,,0,0,1,3,0,1,0,1,0,1,0,1,0,1,0,1,0,1,0,1,started standing when tablet came out,,,,,was not upsidedown like before,,very long time to draw this ,1,0,0,2,0,1,0,1,NA,1,0,1,0,1,0,1,0,1,NA,NA,still standing,,,"upsidedown again, did it for both tasks which involved holding the marker",,,,,,,folded wrong direction,folded wrong direction,6,8,5,6,6,8,,2.5,3,2,3,2.5,0.5,,0,0,0,0,0,0,0,1,0,1,0,1,,,,0,1,0,1,0,1,0,1,1,0,1,0,1,0,0,1,NA,NA,NA,NA,,,,,NA,,,,,,8,0,1,1,0,0,1,,6,8,8,2.5,3,3,0,0,0,1,1,1,3,0,0,0,0,0,0,0,0,0,0,0,0,0,0,0,0,7,7,7,1,7,7,7,1,0,0,6,6,6,1,0,0,0,3,NA,0,3,3,3,1,3,5,8,8,0.625,1,0,1,1,0.91,32,35,2,2,2,1,1,0,2,2,2,1,2,0,2,2,2,0,1,1,0.833333333,0.75,1,1.6,1.666666667,1.5,0.833333333,0.75,1,1.8,2,1.5,0.833333333,1,0.5,1.6,1.5,2,1,0,1,0,0,0,1,0,1,0,0,1,"4 lines coming out of the head, coded 2 as arms and 2 as legs ",5,1,0,1,0,1,0,1,0,1,0,0,0,,5,1,0,1,0,1,0,1,0,1,0,0,1,,6,45,18,2,3,8,3,5,,NA,NA,9,7,cauc,NA,NA,1,NA,NA,NA,Thu,1,0,0,0,0,0,0,0,0.25,3,2,1,1,1,0,0,2,2,0,1,12,1,2,3,1,1,1,0,0,0.25,0,0,0,1,3,1,5,1,3,4,4,2,3,2,1,2,3,10,3,22,5,She also loves to use paints,265,55,55,50,55,50,,
DAM039,0,FSP,ACB,Museum,4.31,2,1,0,1,FSP,8,4,1,5,2,7,5,1,jude,brian,0,0,1,1,0,1,0,1,0,1,0,1,0,1,0,1,0,1,0,1,,,,,,,,,0,1,0,3,0,1,0,1,0,1,0,1,0,1,0,1,0,1,0,1,,,,,,,,,0,1,0,2,0,1,0,1,NA,1,0,1,0,1,0,1,0,1,0,1,,,,,,,,,,,,,4,1,NA,NA,NA,NA,Only did 1 grip strength trial,2,2,1.5,2,NA,NA,Only 2 trials,0,0,0,0,0,0,0,0,0,0,1,1,,,,0,0,0,1,0,1,0,1,0,1,0,1,0,1,0,1,0,1,0,1,,,,,NA,,,,,,10,0,1,1,0,1,0,,4,1,4,2,2,2,0,0,0,1,1,1,3,1,1,1,3,1,0,0,0,0,0,0,0,0,0,1,0,7,7,7,1,7,7,7,1,0,0,7,7,7,1,0,0,0,3,NA,1,1,2,5,0.5,0,9,9,10,1,1,0,1,1,0.82,33,40,3,1,1,1,1,0,1,1,1,1,1,1,2,1,1,1,1,1,0.833333333,0.75,1,1.4,1.666666667,1,1,1,1,1,1,1,1,1,1,1.166666667,1.25,1,0,0,0,0,0,0,0,0,0,0,0,0,Scribbles - could maybe be a person and then was scribbled over - vaguely a head in the center??,0,1,0,1,1,1,0,0,0,1,1,0,1,Scribble in the center that could possibly be a body ,7,1,0,1,1,0,0,0,0,1,0,0,1,Possibly 2 people ,5,35,19,3,1,7,4,,,NA,NA,4,11,cauc,NA,NA,1,NA,NA,NA,Thu ,45,0,0,0,0,0,0,0,0,1,2,2,1,2,3,1,2,2,0,1,NA,1,3,1,1,1,1,0,0,0,0,0,0,1,3,1,3,2,1,4,4,4,4,3,3,3,NA,7,7,20,20,,260,60,40,55,60,45,,
DAM040,0,PFS,ACB,Museum,4.99,2,1,0,1,PFS,8,8,1,6,2,7,4,1,,,0,1,0,1,0,1,0,1,0,1,0,1,0,1,0,1,0,1,0,1,,,,,,,,,0,0,1,3,0,1,0,1,0,1,0,1,0,1,0,1,0,1,0,1,standing and kneeling on chair,,,,,,,,1,0,0,2,0,1,0,1,NA,1,0,1,0,1,0,1,0,1,0,1,,,,,,,,,,,,,7,4,4,6,6,4,,2.5,3,2,2,1,2,,0,0,0,0,0,0,0,1,0,1,0,1,,,,1,0,0,1,0,1,0,1,0,0,0,1,0,1,0,0,0,0,0,1,,,,,NA,,,,,,10,0,1,1,0,1,0,,7,6,7,2.5,3,3,0,0,0,1,1,1,3,0,0,0,0,0,0,0,0,1,0,0,0,1,0,2,0,7,7,7,1,7,7,7,1,0,0,7,7,7,1,0,0,0,3,NA,0,3,3,3,1,1,6,7,9,0.857,1,0,1,1,0.86,32,37,2,2,3,3,2,2,3,2,2,3,2,2,3,3,2,3,2,2,1,1,1,2.333333333,2,3,1,1,1,2.333333333,2.25,2.5,1,1,1,2.5,2.5,2.5,1,0,1,1,1,1,1,0,1,1,0,1,,9,1,0,1,1,1,0,0,0,0,0,0,1,,5,1,0,1,0,1,1,1,0,0,0,0,0,,5,32,13,2,3,5,13,4,,NA,NA,8,6,cauc,NA,NA,1,NA,NA,NA,Thu ,1.5,0,0.5,0,0.25,0,0,0,0,1,4,1,0,1,1,0,0,2,0,0,NA,NA,NA,NA,NA,NA,NA,NA,NA,NA,NA,NA,NA,NA,NA,NA,NA,NA,NA,NA,NA,NA,NA,NA,NA,NA,NA,NA,NA,NA,NA,,280,60,40,60,60,60,,
DAM041,0,SPF,BCA,EW,4.29,2,1,0,1,SPF,8,NA,1,NA,NA,NA,1,1,,,1,0,0,2,0,1,0,1,0,1,0,1,0,1,0,1,0,1,0,1,,,,,,,,,1,0,0,3,0,1,0,1,0,1,0,1,0,1,0,1,0,1,0,1,,,,,,mirroring?,,,0,0,1,1,0,1,0,1,NA,1,0,1,0,1,0,1,0,1,0,1,started drawing on table with finger,,,mirroring?,,,,,,,,"didnt fold last line, said she messed up",4,4,8,8,6,6,,2.5,2.5,NA,NA,NA,NA,,0,0,0,0,0,0,0,1,0,0,0,0,,,,1,0,0,1,0,1,0,1,0,1,0,1,0,1,0,1,NA,NA,NA,NA,,,,,NA,,,,,,8,0,1,1,0,1,0,,8,8,8,2.5,2.5,2.5,0,0,0,1,1,1,3,0,0,1,1,0,0,0,0,0,0,0,0,0,0,0,0,7,7,7,1,7,7,7,1,0,0,7,7,7,1,0,0,0,3,NA,0,1,1,2,1,1,7,8,8,0.875,1,0,1,1,0.89,31,35,2,2,1,0,1,0,3,2,1,1,3,1,2,2,1,2,2,1,0.666666667,0.75,0.5,1.5,1.666666667,1,1,1,1,1.833333333,2.25,1,1,1,1,1.666666667,1.75,1.5,0,0,0,0,0,0,0,0,0,0,0,0,Scribbles,0,0,0,0,0,0,0,0,0,0,0,0,0,Scribbles,0,0,0,0,0,0,0,0,0,0,0,0,0,Scribbles,0,4,19,2,1,7,4,22m,,NA,NA,5,7,black,NA,1,NA,NA,NA,NA,Mon,55,0,0,2,5,0,15,0,45,2,2,3,0,3,0,0,3,2,0,1,9,1,5,5,4,1,1,0,45,0,15,0,0,1,2,1,3,1,3,1,4,4,4,4,1,2,1,5,7,10,20,,270,55,45,55,60,55,,
DAM042,0,SPF,BAC,EW,2.83,1,1,0,1,SPF,8,10,1,4,2,NA,1,1,,,1,0,0,2,0,1,0,1,0,1,0,1,0,1,0,1,0,1,0,1,,,,,,,,,1,0,0,1,0,1,0,1,0,1,0,1,0,1,0,1,0,1,0,1,,,,,,,,,0,0,1,3,0,1,0,1,NA,1,0,1,0,1,0,1,0,1,NA,NA,,,,,,,,,,folded face up,folded corner instead of whole line,folded another corner (face up),2,2,NA,NA,NA,NA,,1,1.5,NA,NA,NA,NA,,0,0,0,0,0,0,0,1,0,1,0,1,,,,0,1,0,1,0,1,0,1,0,1,0,1,NA,NA,NA,NA,NA,NA,NA,NA,,,,,NA,,fell,,,,6,0,1,1,0,0,1,,2,2,2,1,1.5,1.5,0,0,0,1,1,1,3,0,0,0,0,0,0,0,0,0,0,0,0,0,0,0,0,7,7,7,1,7,7,7,1,0,0,6,6,6,1,0,0,0,3,NA,0,3,3,3,1,0,6,6,6,1,1,0,1,1,0.91,30,33,1,0,0,1,1,0,1,1,1,0,2,1,2,0,0,0,1,0,0.5,0.5,0.5,1,1,1,0.833333333,1,0.5,1.2,1.25,1,0.333333333,0.5,0,1.5,1.5,NA,NA,NA,NA,NA,NA,NA,NA,NA,NA,NA,NA,NA,NA,NA,1,0,0,0,0,0,0,0,0,0,0,0,"Just a circle, may not actually be a head",1,1,0,1,0,1,0,NA,0,0,0,0,0,,3,25,16,2,1,4,4m,3,,NA,NA,10,8,asian,1,NA,NA,NA,NA,NA,Tue,60,0,0,NA,0,0,5,0,10,1,2,1,1,1,0,0,0,1,0,1,5,NA,NA,5,NA,NA,NA,0,0,60,0,0,5,3,2,2,2,3,5,3,3,3,3,1,1,2,NA,6,6,8,5,,295,60,55,60,60,60,,
DAM043,0,SPF,CAB,EW,3.84,2,0,0,1,SPF,8,10,1,5,1,NA,1,1,,,1,0,0,3,0,1,0,1,0,1,0,1,0,1,0,1,0,1,0,1,,,,,,,,,1,0,0,1,0,1,0,1,0,0,NA,NA,NA,NA,NA,NA,NA,NA,NA,NA,,,,,,,,,0,0,1,2,0,1,0,1,NA,1,NA,NA,NA,NA,NA,NA,NA,NA,0,1,,,,,,,,DREW imaginary sisters,,,,,4,4,2,4,NA,NA,,1.5,2,2,1.5,NA,NA,,0,1,0,1,0,1,0,1,0,1,0,1,,,,0,1,0,1,0,1,0,1,NA,NA,NA,NA,NA,NA,NA,NA,NA,NA,NA,NA,,,,,NA,,,,,,4,0,1,1,0,0,1,,4,4,4,2,2,2,0,0,0,0,0,0,0,0,0,0,0,0,0,0,0,0,0,0,0,0,0,0,0,7,7,7,1,1,1,1,1,0,0,3,3,3,1,0,3,3,3,1,0,3,3,3,1,0,4,4,4,1,1,0,1,1,1,22,22,1,NA,NA,NA,NA,0,0,NA,NA,NA,NA,NA,0,0,0,0,0,0,0.5,0.5,NA,1,1,NA,0,0,NA,NA,NA,NA,0,0,0,NA,NA,NA,0,0,0,0,0,0,0,0,0,0,0,0,Scribbles,0,NA,NA,NA,NA,NA,NA,NA,NA,NA,NA,NA,NA,NA,NA,0,0,0,0,0,0,0,0,0,0,0,0,Scribbles,0,NA,NA,NA,NA,NA,NA,NA,NA,NA,NA,NA,NA,NA,NA,NA,NA,NA,NA,NA,NA,NA,NA,NA,NA,NA,NA,NA,NA,NA,NA,NA,NA,NA,NA,NA,NA,NA,NA,NA,NA,NA,NA,NA,NA,NA,NA,NA,NA,NA,NA,NA,NA,NA,NA,NA,NA,NA,NA,NA,NA,NA,NA,NA,NA,NA,NA,NA,NA,NA,NA,NA,NA,NA,NA,NA,NA,NA,NA,,
DAM044,0,FSP,BCA,EW,3.45,1,0,0,1,PFS,8,3,1,4,1,NA,4,1,asky,aglass,0,1,1,2,1,0,1,0,0,1,1,0,1,0,1,0,1,0,1,0,,,,,said square,verbally explain the shape,said triangle,,0,1,1,3,0,1,0,1,0,1,0,1,0,1,0,1,0,0,0,1,,,,,first draw with finger,,both hand,start with two but switch to R,1,1,0,1,0,1,0,1,NA,1,0,1,0,1,0,1,0,1,0,1,,,draw circle but said sqauare,,,,said almost finished ,,refused to do,,,,2,3,2,2,2,0,tried to check the scale,2,2.5,1.5,2,2,0.5,"1,2,3,4,5 kids counted",0,0,0,0,0,0,0,1,0,1,0,1,,,,1,0,1,0,1,0,1,0,1,0,NA,NA,NA,NA,NA,NA,NA,NA,NA,NA,,,,,NA,,,,,,4,NA,NA,NA,NA,NA,NA,I am done,2,3,3,2,2.5,2.5,0,1,0,1,1,1,3,0,0,0,NA,0,0,0,0,0,0,0,0,0,0,0,6,1,7,7,0.143,6,6,7,1,0,0,7,7,7,1,0,0,0,3,NA,0,3,3,3,1,5,0,5,5,0,NA,NA,NA,NA,0.88,28,32,2,1,0,1,1,0,2,0,0,0,1,0,2,0,0,0,1,0,0.666666667,0.75,0.5,1.25,1.333333333,1,0.333333333,0.5,0,1.5,1.5,NA,0.333333333,0.5,0,1.5,1.5,NA,0,0,0,0,0,0,0,0,0,0,0,0,Scribbles,0,0,0,0,0,0,0,0,0,0,0,0,0,One Line,0,1,0,1,0,0,0,0,0,0,0,0,0,,2,NA,NA,NA,NA,NA,NA,NA,NA,NA,NA,NA,NA,NA,NA,NA,NA,NA,NA,NA,NA,NA,NA,NA,NA,NA,NA,NA,NA,NA,NA,NA,NA,NA,NA,NA,NA,NA,NA,NA,NA,NA,NA,NA,NA,NA,NA,NA,NA,NA,NA,NA,NA,NA,NA,NA,NA,NA,NA,NA,NA,NA,NA,NA,NA,NA,NA,NA,NA,NA,NA,NA,NA,NA,NA,NA,NA,NA,NA,,
DAM045,0,PFS,CAB,EW,3.81,2,0,0,1,PFS,8,NA,1,NA,1,NA,4,1,sister,mom,0,1,0,3,0,1,0,1,0,1,0,1,0,1,0,1,0,1,0,1,draw a pic,said circle,said triangle,asked: what is that called? nothing?,grip pen in a interesting way,,asked is that a cross?,said don't know how to draw, wrote name,0,0,1,1,0,1,0,1,0,1,0,1,0,1,0,1,0,1,0,1,"""that looks like a airplane""",,,"""looks like a tiny triangle""","""is that a cross? it looks like a T""",,,"wrote A,B,C,..",1,0,0,2,0,1,0,1,NA,1,0,1,0,1,0,1,0,1,0,1,,"""does that part broken?(app)""",,,"""how may angles it get""",,,wanted to fix the drawing, wrote triangle,"""that's called demo?""","""that says one""",did not follow the order,,4,6,3,3,2,6,,2,1.5,2,1.5,1.5,2,,0,0,0,0,0,0,0,1,0,0,0,0,,,,0,1,0,1,1,0,1,0,0,1,1,0,1,0,0,1,0,1,0,1,,,,,NA,,,,,,10,0,1,1,0,0,1,wrote down April's name,4,6,6,2,2,2,0,0,0,1,1,1,3,0,0,1,1,0,0,0,0,0,0,0,0,0,0,0,0,7,7,7,1,7,7,7,1,0,0,7,7,7,1,0,0,0,3,NA,0,1,1,2,1,4,6,10,10,0.6,1,0,1,1,0.89,33,37,2,2,2,3,1,3,2,3,3,1,2,3,3,2,2,3,2,2,1,1,1,2.166666667,2,2.5,1,1,1,2.333333333,2.5,2,1,1,1,2.333333333,2.25,2.5,NA,NA,NA,NA,NA,NA,NA,NA,NA,NA,NA,NA,This child wrote the alphabet ,NA,NA,NA,NA,NA,NA,NA,NA,NA,NA,NA,NA,NA,"Wrote out name ""Quentin""",NA,0,0,0,0,0,0,NA,0,0,0,0,0,Child drew a box ,0,26,17,2,1,5,3,1,,NA,NA,11,7,cauc_black_native,NA,1,1,NA,1,NA,Mon,60,0,0,0,0,0,0,0,30,1,2,2,1,1,1,0,0,2,1,1,NA,1,1,5,1,1,4,0,0,30,0,0,0,1,3,1,3,1,3,1,3,2,3,2,1,2,1,9,8,20,20,,300,60,60,60,60,60
DAM046,0,SPF,CAB,EW,2.08,1,1,0,1,SPF,8,NA,1,NA,2,NA,1,1,,,1,0,0,3,1,1,1,0,1,0,1,0,1,0,1,0,1,0,0,1,start with left and right,came with teacher,"teacher said ""triangle""",,,,,,1,0,0,1,0,1,0,1,0,1,0,1,0,1,0,1,0,1,0,1,,,makers on table,,,,don't look at the example,,0,0,1,2,NA,NA,NA,NA,NA,NA,NA,NA,NA,NA,NA,NA,NA,NA,NA,NA,app kept stopping due to touch,,,,,,,,didn't know how to fold,,,,0,0,NA,NA,NA,NA,she cried right right away (probably thought about doctor's office),NA,NA,NA,NA,NA,NA,she cried,0,0,0,0,0,0,0,1,1,0,1,0,,,,1,0,0,1,0,1,1,0,1,0,NA,NA,NA,NA,NA,NA,NA,NA,NA,NA,,,,,NA,,,,,,4,0,1,1,0,1,0,,0,0,0,NA,NA,NA,0,0,NA,1,1,1,3,0,0,0,0,0,0,0,0,0,0,0,0,0,0,0,6,1,7,7,0.143,7,7,7,1,0,NA,NA,NA,NA,NA,0,0,0,3,NA,2,1,3,3,0.333,3,2,5,5,0.4,1,0,1,1,0.88,23,26,NA,NA,NA,NA,NA,NA,0,0,0,0,0,0,0,0,0,0,0,0,0,0,NA,NA,NA,NA,0,0,0,NA,NA,NA,0,0,0,NA,NA,NA,NA,NA,NA,NA,NA,NA,NA,NA,NA,NA,NA,NA,NA,NA,0,0,0,0,0,0,0,0,0,0,0,0,Scribbles,0,0,0,0,0,0,0,0,0,0,0,0,0,Child just scribbled ,0,41,20,2,1,9,16,14,12,2,NA,7,9,cauc,NA,NA,1,NA,NA,NA,Tue,10,0,0,0,0,0,0,0,0,1,2,0,1,3,0,1,2,3,2,0,NA,NA,NA,NA,NA,NA,NA,NA,NA,NA,NA,NA,NA,NA,NA,NA,NA,NA,NA,NA,NA,NA,NA,NA,NA,NA,NA,NA,NA,NA,NA,,NA,NA,NA,NA,NA,NA,,
DAM047,0,FSP,BCA,Museum,2.43,1,0,0,1,FSP,8,NA,1,NA,1,7,5,1,,,0,0,1,2,0,1,0,1,0,1,0,1,0,1,0,1,0,1,0,1,,,with stylus,with stylus,with stylus,with stylus,with stylus,with stylus,0,1,0,NA,NA,NA,NA,NA,0,0,NA,NA,NA,NA,NA,NA,NA,NA,NA,NA,skipped because we did stylus first and he did not do finger because he was unable to do it,,,,,,,,0,1,0,1,0,1,0,1,NA,1,0,1,0,1,0,1,0,1,0,1,,,,,,,,,,just crumpled it,,,2,4,4,2,NA,NA,,2,2,1,0.9,1.5,1.5,,0,0,0,0,0,0,0,1,0,1,0,1,,,,0,1,0,1,0,1,0,1,0,1,0,1,NA,NA,NA,NA,NA,NA,NA,NA,,,,,NA,,,,,,NA,0,1,1,0,1,0,,4,4,4,2,2,2,0,0,0,1,1,1,3,0,0,0,0,0,0,0,0,0,0,0,0,0,0,0,0,7,7,7,1,0,0,0,NA,0,0,7,7,7,1,0,0,0,3,NA,0,3,3,3,1,0,6,6,6,1,1,0,1,1,0.89,24,27,1,NA,NA,NA,NA,NA,1,0,0,0,0,0,NA,0,0,0,0,0,1,1,NA,1,1,NA,0.166666667,0.25,0,1,1,NA,0,0,0,NA,NA,NA,NA,NA,NA,NA,NA,NA,NA,NA,NA,NA,NA,NA,NA,NA,0,0,0,0,0,0,0,0,0,0,0,0,Scribbles,0,0,0,0,0,0,0,0,0,0,0,0,0,Child scribbled - drew a circle that could maybe be coded as a head ,0,31,16,2,1,NA,2,,,NA,NA,3,9,cauc,NA,NA,1,NA,NA,NA,Thu ,0,0,0,0,0,0,0,0,0,1,2,1,1,3,1,0,2,3,0,0,NA,NA,NA,NA,NA,NA,NA,NA,NA,NA,NA,NA,NA,NA,NA,NA,NA,NA,NA,NA,NA,NA,NA,NA,NA,NA,NA,NA,NA,NA,NA,,285,60,60,55,60,50,,
DAM048,0,FSP,CBA,Museum,4.5,2,1,0,1,FSP,8,3,1,5,2,7,5,1,,,0,0,1,3,0,1,0,1,0,1,0,1,0,1,0,1,0,1,0,1,,,,,,,,,0,1,0,2,0,1,0,1,0,1,0,1,0,1,0,1,0,1,0,1,,,,,,,,,0,1,0,1,0,1,0,1,NA,1,0,1,0,1,0,1,0,1,0,1,,,,,,,,,,folded in air,folded face up,folded face up,4,7,4,9,7,9,,2.5,3,2.5,3.5,2.5,2.5,,0,0,0,0,0,0,0,1,0,1,0,1,,,,0,1,0,1,0,1,0,1,0,1,0,1,0,1,0,1,0,1,0,1,,,,,NA,,,,,,10,NA,NA,0,1,NA,NA,,7,9,9,2.5,3.5,3.5,0,0,0,1,1,1,3,0,0,0,NA,0,0,0,0,0,0,0,0,0,0,0,0,7,7,7,1,7,7,7,1,0,0,7,7,7,1,0,0,0,3,NA,0,3,3,3,1,0,10,10,10,1,NA,NA,NA,NA,0.92,34,37,2,2,0,2,3,1,2,2,0,3,2,1,2,1,0,2,1,1,0.833333333,1,0.5,2,2,2,0.833333333,1,0.5,2,1.75,3,0.833333333,1,0.5,1.4,1.25,2,1,0,1,0,1,1,1,1,1,0,0,1,,8,1,0,1,0,1,1,0,0,0,0,0,1,,5,1,0,1,0,1,1,1,0,0,0,1,1,,7,23,14,2,1,4,4,1,,NA,NA,3,7,other,NA,NA,NA,NA,NA,1,Thu,0,0,0,0,0,0,0,0,15,1,4,1,0,2,0,0,0,1,0,1,36,1,1,4,1,1,1,0,0,15,0,0,0,2,1,1,2,2,1,4,4,4,3,2,1,2,3,10,9,40,20,I got my first smart phone just a few months ago so we don't have much experience with touch screens. / ,295,60,60,60,55,60,,
DAM049,0,PFS,CBA,Museum,2.76,1,1,0,1,PFS,8,11,1,4,2,7,4,1,,,0,1,0,3,0,1,0,1,0,1,0,1,0,1,0,1,0,1,0,1,,,,,,,,,0,0,1,2,0,1,0,1,0,1,0,1,0,1,0,1,0,1,0,1,,,,,,,,,1,0,0,1,0,1,0,1,NA,1,0,1,0,1,0,1,0,1,0,1,,,,,,,,,,,folded in air,folded in air,2,6,5,6,6,5,,1.5,1.5,1.5,1.5,2,2,,0,0,0,0,0,0,0,0,0,0,1,1,,,,0,1,0,1,0,1,0,1,0,1,0,1,0,1,0,1,NA,NA,NA,NA,,,,,NA,,,,,,8,0,1,0,1,NA,NA,,6,6,6,2,2,2,0,0,0,1,1,1,3,1,1,1,3,0,0,0,0,0,0,0,0,0,0,0,0,7,7,7,1,7,7,7,1,0,0,7,7,7,1,0,0,0,3,NA,1,1,2,5,0.5,0,8,8,8,1,1,0,1,1,0.84,32,38,0,0,0,0,0,0,NA,0,0,0,0,0,0,0,0,0,0,0,0,0,0,NA,NA,NA,0,0,0,NA,NA,NA,0,0,0,NA,NA,NA,0,0,0,0,0,0,0,0,0,0,0,0,Scribbles,0,0,0,0,0,0,0,0,0,0,0,0,0,Scribbles,0,0,0,0,0,0,0,0,0,0,0,0,0,Scribbles,0,36,16,2,3,NA,2,,,NA,NA,11,8,cauc,NA,NA,1,NA,NA,NA,Thu,5,0,0,0,0,0,0,0,0,1,3,2,0,1,0,0,0,2,0,1,1,4,NA,NA,NA,NA,NA,0,5,0,0,0,0,2,2,2,5,3,2,4,4,3,3,4,3,4,2,8,7,30,30,,295,60,60,55,60,60,,
DAM050,0,FSP,CBA,EW,2.22,1,1,0,1,FSP,9,6,1,3,2,NA,5,1,,,0,0,1,3,0,1,0,1,0,1,0,1,0,1,0,1,NA,NA,NA,NA,,,,,,,,,0,1,0,2,0,1,0,1,0,1,0,1,0,1,0,1,0,1,0,1,,,,,,,,,0,1,0,1,0,1,0,1,NA,1,0,1,0,1,0,1,0,1,0,1,drew small little dots on the paper instead of just circles like before,,,,,,,,,does not make/reinforce the fold ,,did not fold but just pointed at line and pretended to fold,1,2,5,4,4,4,,1,1,1,1,1,2,,NA,NA,NA,NA,NA,NA,0,1,0,1,0,1,did not attempt to catch the ball,,,0,1,0,1,0,1,0,1,NA,NA,NA,NA,NA,NA,NA,NA,NA,NA,NA,NA,,,,,NA,,,,,,4,0,1,1,0,1,0,,5,4,5,1,2,2,0,0,0,0,0,0,NA,0,0,0,0,0,0,0,0,0,0,0,0,0,0,0,0,5,5,5,1,7,7,7,1,0,0,7,7,7,1,NA,NA,NA,NA,NA,0,3,3,3,1,0,4,4,4,1,1,0,1,1,1,27,27,NA,NA,NA,0,0,NA,0,0,0,0,0,0,0,0,0,0,0,0,0,0,0,NA,NA,NA,0,0,0,NA,NA,NA,0,0,0,NA,NA,NA,NA,NA,NA,NA,NA,NA,NA,NA,NA,NA,NA,NA,NA,NA,0,0,0,0,0,0,0,0,0,0,0,0,Scribbles,0,0,0,0,0,0,0,NA,0,0,0,0,0,Scribbles,0,NA,NA,NA,NA,NA,NA,NA,NA,NA,NA,NA,NA,NA,NA,NA,NA,NA,NA,NA,NA,NA,NA,NA,NA,NA,NA,NA,NA,NA,NA,NA,NA,NA,NA,NA,NA,NA,NA,NA,NA,NA,NA,NA,NA,NA,NA,NA,NA,NA,NA,NA,NA,NA,NA,NA,NA,NA,NA,NA,NA,NA,NA,NA,NA,NA,NA,NA,NA,NA,NA,NA,NA,NA,NA,NA,NA,NA,NA,,
DAM051,0,SPF,BCA,EW,3.77,2,1,0,1,SPF,9,11,1,5,2,NA,1,1,,,1,0,0,2,0,1,0,1,0,1,0,1,0,1,0,1,0,1,0,1,,,,,,,,,1,0,0,3,0,1,0,1,0,1,0,1,0,1,0,1,0,1,0,1,,,,,,,,,0,0,1,1,0,1,0,1,NA,1,0,1,0,1,0,1,0,1,0,1,,,,,,,,,,,,,2,2,2,3,4,2,,1.5,1.5,1.5,2,2,2,,0,0,0,0,0,0,0,1,0,1,0,1,,,,0,1,0,1,0,1,0,1,0,1,0,1,0,1,NA,NA,NA,NA,NA,NA,,,,,NA,,,,,,7,0,1,1,0,1,0,,4,3,4,2,2,2,0,0,0,1,1,1,3,0,0,0,0,0,0,0,0,0,0,0,0,0,0,0,0,7,7,7,1,7,7,7,1,0,0,7,7,7,1,0,0,0,3,NA,0,3,3,3,1,0,7,7,7,1,1,0,1,1,0.91,32,35,2,1,2,0,1,1,1,0,1,0,1,0,2,1,2,0,0,0,0.833333333,1,0.5,1.4,1.25,2,0.5,0.5,0.5,1,1,1,0.5,0.5,0.5,1.666666667,1.5,2,1,0,1,0,1,0,0,0,0,0,0,0,,3,1,0,1,1,1,0,0,0,0,0,0,0,,4,1,0,1,0,1,0,0,0,0,0,0,0,,3,NA,NA,NA,NA,NA,NA,NA,NA,NA,NA,NA,NA,NA,NA,NA,NA,NA,NA,NA,NA,NA,NA,NA,NA,NA,NA,NA,NA,NA,NA,NA,NA,NA,NA,NA,NA,NA,NA,NA,NA,NA,NA,NA,NA,NA,NA,NA,NA,NA,NA,NA,NA,NA,NA,NA,NA,NA,NA,NA,NA,NA,NA,NA,NA,NA,NA,NA,NA,NA,NA,NA,NA,NA,NA,NA,NA,NA,NA,,
DAM052,0,PFS,ABC,Museum,3.64,2,1,0,1,PFS,10,2,1,4,2,7,4,1,Haley,Marshal,0,1,0,1,0,1,0,1,0,1,0,1,0,1,0,1,0,1,0,1,,,,,,,,,0,0,1,2,0,1,0,1,0,1,0,1,0,1,0,1,0,1,0,1,,,,,,,,,1,0,0,3,0,1,1,0,NA,1,0,0,0,1,0,1,0,1,0,1,,drop the pen and use finger,,"Use left finger first, then use pen",,,,,,against table,against table,agai,8,5,4,4,4,4,"for the Trial one, use both hands",1.5,2.5,2,2,2,1.9,,0,0,0,0,0,0,1,1,0,0,1,1,,,,0,0,0,1,0,1,1,0,1,0,1,0,1,0,NA,NA,NA,NA,NA,NA,,,,,NA,,,,,,7,0,0,1,0,0,1,"first right hand, then switch to left hand ",8,5,8,2,2.5,2.5,0,0,1,1,1,1,3,1,1,1,3,1,0,0,0,0,0,0,0,0,0,1,0,7,7,7,1,7,7,7,1,0,1,5,6,7,0.833,0,0,0,3,NA,1,1,2,5,0.5,4,2,6,7,0.333,0,1,NA,1,0.76,28,37,3,0,1,1,1,1,2,0,2,1,2,1,1,1,0,0,1,0,0.833333333,0.75,1,1.4,1.666666667,1,0.833333333,0.75,1,1.6,1.666666667,1.5,0.5,0.75,0,1,1,NA,1,0,1,1,1,0,1,0,1,0,0,0,,6,1,0,1,0,1,0,1,0,1,0,0,1,,6,1,0,1,0,1,0,1,0,1,0,0,0,Child drew 2 long lines out of top of head - coded as arms ,5,28,16,2,3,7,5,3,5m,NA,NA,2,8,cauc,NA,NA,1,NA,NA,NA,Thu,60,0,30,0,0,0,0,0,30,1,2,3,0,1,0,0,1,2,1,1,12,1,5,5,4,1,1,0,60,0,0,0,0,2,1,1,2,2,1,4,4,4,4,2,1,2,NA,8,0,15,30,,260,40,60,40,60,60,,
DAM053,0,SPF,ABC,Museum,3.51,2,1,0,1,SPF,10,3,1,4,2,7,1,1,christopher,rosie,1,0,0,1,0,1,0,1,0,1,0,1,0,1,0,1,0,1,0,1,,,,,,,,,1,0,0,2,0,1,0,1,0,1,0,1,0,1,0,1,0,1,0,1,,,,,,,,,0,0,1,3,0,1,0,1,NA,1,0,1,0,1,0,1,0,1,0,1,,,,,,,,,,on table,on table,on table,5,5,4,2,4,0,no last right trial (wouldn't put hand around the dynamiter),2,2.5,2.5,2,2,2.5,,0,0,0,0,0,0,0,0,0,0,1,1,,,,0,1,0,1,0,1,0,1,0,1,0,1,0,1,0,1,0,1,0,1,,,,,NA,,,,,,10,0,1,0,1,1,0,,5,5,5,2.5,2.5,2.5,0,0,0,1,1,1,3,1,1,1,3,0,0,0,0,0,0,0,0,0,0,0,0,7,7,7,1,7,7,7,1,0,0,7,7,7,1,0,0,0,3,NA,1,1,2,5,0.5,0,10,10,10,1,1,0,1,1,0.85,34,40,3,2,1,0,1,1,1,2,0,0,1,1,2,2,1,0,0,1,0.833333333,1,0.5,1.6,1.75,1,0.666666667,1,0,1.25,1.25,NA,0.666666667,0.75,0.5,1.5,1.666666667,1,1,0,1,1,1,0,0,0,1,0,0,0,,5,1,0,1,1,1,0,1,0,1,0,0,0,,6,1,0,1,1,1,0,0,0,1,0,0,0,,5,42,14,2,3,7,3.5,,,NA,NA,3,8,cauc,NA,NA,1,NA,NA,NA,Thu,90,0,0,0,0,0,0,0,15,1,2,3,3,3,0,0,2,2,2,1,20,1,4,2,1,1,1,0,15,0,0,0,0,1,3,1,3,2,1,4,4,3,2,2,1,2,NA,8,3,15,10,,270,55,60,50,50,55,,
DAM054,0,PFS,BCA,Museum,1.83,1,0,0,1,PFS,10,12,1,3,1,7,4,1,Robie,Gunnar,0,1,0,2,0,1,0,1,0,1,0,1,0,1,0,1,0,1,0,1,,,,,,,,,0,0,1,3,0,1,0,1,0,0,NA,NA,NA,NA,NA,NA,NA,NA,NA,NA,,Poke the screen. Fail to draw as it zooms in the screen. ,,,,,,,1,0,0,1,0,1,0,1,NA,1,0,1,0,1,0,1,0,1,0,1,,Draw before shape comes out. ,Draw before shape comes out. ,Draw before shape comes out. ,Draw before shape comes out. ,,,,,Don't know how to  fold,Don't know how to  fold,Don't know how to  fold,1,2,2,2,1,1,Hard time follow instructions. ,0,0,NA,NA,NA,NA,Did not follow instruction,1,0,0,1,0,0,0,1,0,1,0,1,,,,0,1,0,1,0,1,0,1,0,1,0,1,NA,NA,NA,NA,NA,NA,NA,NA,,,,,NA,,,,,,6,0,0,1,0,0,1,use both hands pat on the screen. Then use one finger on the right hand ,2,2,2,0,0,0,0,0,0,0,0,1,1,0,0,0,0,0,0,0,0,0,0,0,0,0,0,0,0,7,7,7,1,1,1,1,1,0,0,7,7,7,1,1,1,2,3,0.5,0,3,3,3,1,0,6,6,6,1,0,1,NA,1,0.93,26,28,NA,NA,NA,NA,NA,NA,0,0,0,0,0,NA,0,0,0,0,0,0,NA,NA,NA,NA,NA,NA,0,0,0,NA,NA,NA,0,0,0,NA,NA,NA,NA,NA,NA,NA,NA,NA,NA,NA,NA,NA,NA,NA,NA,NA,0,0,0,0,0,0,0,0,0,0,0,0,Scribbles,0,0,0,0,0,0,0,0,0,0,0,0,0,Child just scribbled ,0,36,16,2,3,8,2,,,NA,NA,12,9,cauc,NA,NA,1,NA,NA,NA,Fri,15,0,15,0,3,0,0,0,0,2,NA,2,0,2,0,0,1,2,0,1,12,1,3,4,1,1,1,0,0,15,0,0,0,2,1,2,1,2,1,1,2,1,1,1,1,2,1,5,0,10,0,,245,60,50,35,45,55,,
DAM055,0,FSP,CBA,Museum,6.21,3,1,0,1,FSP,10,7,1,7,2,7,5,1,Addison,Kasen,0,0,1,3,0,1,0,1,0,1,0,1,0,1,0,1,0,1,0,1,,,,,,,,,0,1,0,2,0,1,0,1,0,1,0,1,0,1,0,1,0,1,0,1,,,,,,,,,0,1,0,1,0,1,0,1,NA,1,0,1,0,1,0,1,0,1,0,1,,,,,,,,,,table,table,"table, slightly in air",12,10,12,12,10,11,leaned against table for last right trial,4,5,3.5,2.5,3.5,3.5,"leaned against table for trial r1, r3",0,0,0,0,0,0,0,1,0,1,0,1,,,,0,0,0,1,0,1,0,1,0,1,0,1,0,1,0,1,0,0,0,1,,,,,NA,,,,,"grab with both hands, stack with right only",10,0,1,0,1,1,0,,12,12,12,4,5,5,0,0,0,1,1,1,3,0,0,0,0,1,0,0,0,0,0,0,0,0,1,2,0,7,7,7,1,7,7,7,1,0,0,7,7,7,1,0,0,0,3,NA,0,3,3,3,1,0,8,8,10,1,1,0,1,1,0.87,33,38,4,3,3,4,2,3,3,4,4,4,3,4,3,3,3,3,2,2,1,1,1,3.166666667,3,3.5,1,1,1,3.666666667,3.5,4,1,1,1,2.666666667,2.5,3,1,0,1,0,1,1,1,1,1,1,0,1,,9,1,0,1,0,1,1,1,1,1,1,0,1,,9,1,0,1,0,0,1,1,1,1,1,0,1,,8,NA,NA,NA,NA,NA,NA,NA,NA,NA,NA,NA,NA,NA,NA,NA,NA,NA,NA,NA,NA,NA,NA,NA,NA,NA,NA,NA,NA,NA,NA,NA,NA,NA,NA,NA,NA,NA,NA,NA,NA,NA,NA,NA,NA,NA,NA,NA,NA,NA,NA,NA,NA,NA,NA,NA,NA,NA,NA,NA,NA,NA,NA,NA,NA,NA,NA,NA,NA,NA,NA,NA,NA,NA,NA,NA,NA,NA,NA,,
DAM056,0,SPF,BCA,Museum,1.87,1,0,0,1,SPF,10,11,1,3,1,7,1,1,Dad,Sister,1,0,0,2,1,0,0,1,0,1,0,1,0,1,0,1,0,1,0,1,,,,,,,,,1,0,0,3,1,0,0,0,NA,NA,NA,NA,NA,NA,NA,NA,NA,NA,NA,NA,,,refused,,,,,,0,0,1,1,NA,NA,NA,NA,NA,NA,NA,NA,NA,NA,NA,NA,NA,NA,NA,NA,refused,,,,,,,,,"scrunched it on floor, drew on paper",,,NA,NA,NA,NA,NA,NA,finished early,NA,NA,NA,NA,NA,NA,,NA,NA,NA,NA,NA,NA,NA,NA,NA,NA,NA,NA,,,,NA,NA,NA,NA,NA,NA,NA,NA,NA,NA,NA,NA,NA,NA,NA,NA,NA,NA,NA,NA,,,,,NA,,,,,,NA,NA,NA,NA,NA,NA,NA,finished early,NA,NA,NA,NA,NA,NA,0,1,NA,0,0,0,NA,0,0,0,NA,0,0,0,0,0,0,0,0,0,0,NA,0,7,7,7,1,0,0,1,NA,0,NA,NA,NA,NA,NA,NA,NA,NA,NA,NA,NA,NA,NA,NA,NA,NA,NA,NA,NA,NA,NA,NA,NA,NA,0.88,7,8,NA,NA,NA,NA,NA,NA,0,NA,NA,NA,NA,NA,0,0,0,0,0,0,NA,NA,NA,NA,NA,NA,0,0,NA,NA,NA,NA,0,0,0,NA,NA,NA,NA,NA,NA,NA,NA,NA,NA,NA,NA,NA,NA,NA,NA,NA,NA,NA,NA,NA,NA,NA,NA,NA,NA,NA,NA,NA,NA,NA,0,0,0,0,0,0,NA,0,0,0,0,0,Scribbles,0,22,16,2,3,8,22m,6m,,NA,NA,11,9,hisp,NA,NA,NA,1,NA,NA,Sat,0,0,0,0,0,0,0,0,0,3,4,1,0,0,0,0,0,1,0,1,18,1,1,4,1,1,1,0,0,0,0,0,0,2,1,2,1,2,1,3,3,3,3,1,1,3,1,9,4,22,10,,265,60,60,45,45,55,,
DAM057,0,PFS,CAB,Museum,2.46,1,1,0,1,PFS,10,NA,1,NA,NA,7,4,1,dad,,0,1,0,3,1,0,1,0,1,0,1,0,1,0,1,0,1,0,1,0,,,,,,,,,0,0,1,1,1,0,1,0,0,0,1,0,0,1,1,0,1,0,1,0,,,"tried using both hands, didn't work, final drawing with left hand",,,,,drawing of mom,1,0,0,NA,NA,NA,NA,NA,NA,NA,NA,NA,NA,NA,NA,NA,NA,NA,NA,NA,,,,,,,,,,"traced with finger, did not fold",,,0,1,NA,NA,NA,NA,"right 1: 0.5, right trial first / left trial 1: 0 / skipped rest",0,0,NA,NA,NA,NA,skipped pinching,0,0,0,0,0,0,0,1,1,0,0,1,,"missed catch, picked up with both hands",,0,1,0,1,0,1,0,1,0,1,0,1,NA,NA,NA,NA,NA,NA,NA,NA,,,,,NA,,,,,,6,1,0,0,1,NA,NA,,0,1,1,0,0,0,0,1,NA,1,1,1,3,0,0,0,0,0,0,0,0,0,0,0,0,0,0,0,7,0,7,7,0,1,6,7,0.167,5,NA,NA,NA,NA,NA,0,0,0,3,NA,1,2,3,3,0.667,0,6,6,6,1,1,0,0,1,0.85,23,27,0,0,0,0,0,0,0,0,0,0,0,0,NA,NA,NA,NA,NA,NA,0,0,0,NA,NA,NA,0,0,0,NA,NA,NA,NA,NA,0,NA,NA,NA,0,0,0,0,0,0,0,0,0,0,0,0,Scribbles,0,0,0,0,0,0,0,0,0,0,0,0,0,Scribbles,0,NA,NA,NA,NA,NA,NA,NA,NA,NA,NA,NA,NA,NA,NA,32,16,2,3,8,2,2,,NA,NA,4,9,cauc,NA,NA,1,NA,NA,NA,Sat,60,0,0,0,0,0,0,0,0,1,1,2,0,1,1,0,1,2,1,0,NA,NA,NA,NA,NA,NA,NA,NA,NA,NA,NA,NA,NA,NA,NA,NA,NA,NA,NA,NA,NA,NA,NA,NA,NA,NA,NA,NA,NA,NA,NA,,240,45,60,45,40,50,,
DAM058,0,FSP,ABC,Museum,4.16,2,0,0,1,FSP,10,8,1,5,1,7,5,1,,,0,0,1,1,0,1,0,1,0,1,0,1,0,1,0,1,0,1,0,1,,,,,,,,,0,1,0,2,0,1,0,1,0,1,0,1,0,1,0,1,0,1,0,1,,,,,,,,,0,1,0,3,0,1,0,1,NA,1,0,1,0,1,0,1,0,1,0,1,,,,,,,,,,,folded to the line,folded to the line,1,1,1,1,2,3,,4,5,5,4,4,5.5,,0,0,0,0,0,0,0,1,0,1,0,1,,,,0,1,0,1,0,1,0,1,0,1,0,1,0,1,0,1,0,1,0,1,,,,,NA,,,,,,10,0,1,1,0,0,1,,2,3,3,5,5.5,5.5,0,0,0,1,1,1,3,0,0,0,0,0,0,0,0,0,0,0,0,0,0,0,0,7,7,7,1,7,7,7,1,0,0,7,7,7,1,0,0,0,3,NA,0,3,3,3,1,0,10,10,10,1,1,0,1,1,0.92,35,38,3,3,2,3,2,2,3,4,3,4,3,3,2,2,2,2,3,2,1,1,1,2.5,2.5,2.5,1,1,1,3.333333333,3.25,3.5,1,1,1,2.166666667,2.25,2,1,0,1,1,1,0,0,0,0,0,0,0,,4,1,0,1,1,1,0,0,0,0,0,0,0,,4,1,0,1,1,1,0,0,0,0,0,0,0,,4,NA,NA,NA,NA,NA,NA,NA,NA,NA,NA,NA,NA,NA,NA,NA,NA,NA,NA,NA,NA,NA,NA,NA,NA,NA,NA,NA,NA,NA,NA,NA,NA,NA,NA,NA,NA,NA,NA,NA,NA,NA,NA,NA,NA,NA,NA,NA,NA,NA,NA,NA,NA,NA,NA,NA,NA,NA,NA,NA,NA,NA,NA,NA,NA,NA,NA,NA,NA,NA,NA,NA,NA,NA,NA,NA,NA,NA,NA,,
DAM059,0,PFS,CBA,Museum,2.63,1,1,0,1,PFS,10,2,1,3,2,7,4,1,chloa,emma,0,1,0,3,0,1,0,1,0,1,0,1,0,1,0,1,0,1,0,1,,,,,,,,,0,0,1,2,0,1,0,1,0,1,0,1,0,1,0,1,0,1,NA,NA,,,,,,,,didn't get to ,1,0,0,1,0,1,0,1,NA,NA,NA,NA,NA,NA,NA,NA,NA,NA,NA,NA,,,,,,,,,,on table,on table,on table,2,2,3,2,4,3,,2,1.5,2,1,NA,NA,didn't do last two trials,0,0,0,0,0,0,0,0,0,0,1,1,,,,0,1,0,1,0,1,0,1,NA,NA,NA,NA,NA,NA,NA,NA,NA,NA,NA,NA,,,,,NA,,,,,,4,NA,NA,NA,NA,NA,NA,didn't get to free draw,4,3,4,2,1.5,2,0,0,0,1,1,1,3,1,1,1,NA,0,0,0,0,0,0,0,0,0,0,0,0,7,7,7,1,6,6,6,1,0,0,1,1,1,1,0,0,0,3,NA,1,1,2,5,0.5,0,4,4,4,1,NA,NA,NA,NA,0.77,20,26,0,0,0,0,0,0,0,0,0,0,0,0,0,NA,NA,NA,NA,0,0,0,0,NA,NA,NA,0,0,0,NA,NA,NA,0,0,0,NA,NA,NA,NA,NA,NA,NA,NA,NA,NA,NA,NA,NA,NA,NA,NA,NA,0,0,0,0,0,0,0,0,0,0,0,0,Scribbles,0,NA,NA,NA,NA,NA,NA,NA,NA,NA,NA,NA,NA,NA,NA,31,16,2,3,8,2.5,9m,,NA,NA,2,9,cauc,NA,NA,1,NA,NA,NA,Thu,30,0,0,10,5,0,0,0,15,1,2,2,0,2,1,0,3,2,2,1,6,NA,5,5,NA,NA,NA,0,30,0,0,0,0,1,3,1,2,1,2,4,4,3,3,4,1,3,NA,9,5,30,15,,295,60,60,55,60,60,,
DAM060,0,FSP,BCA,Museum,5.21,3,1,0,1,FSP,10,7,1,6,2,7,5,1,JJ,jocey,0,0,1,2,0,1,0,1,0,1,0,1,0,1,0,1,0,1,0,1,,,mom praised,,,,,,0,1,0,3,0,1,0,1,0,1,0,1,0,1,0,1,0,1,0,1,,,,,praise,,,,0,1,0,1,0,1,0,1,NA,1,0,1,0,1,0,1,0,1,0,1,,mom praised,,,,,,,,on table,on table,on table,9,9,9,10,8,8,,2.5,2.5,3,2.5,2.5,0,missed last trial,NA,NA,NA,NA,NA,NA,NA,NA,NA,NA,NA,NA,,,,0,1,0,1,0,1,0,1,0,1,0,1,0,1,0,1,0,1,0,1,,,,,NA,,,,,,10,NA,NA,NA,NA,0,1,mom said marker but didn't prompt choice,9,10,10,3,2.5,3,0,0,0,0,0,0,NA,0,0,0,NA,0,0,0,0,0,0,0,0,0,0,0,0,7,7,7,1,7,7,7,1,0,0,7,7,7,1,NA,NA,NA,NA,NA,NA,NA,NA,NA,NA,0,10,10,10,1,NA,NA,NA,NA,1,31,31,2,2,2,1,2,1,2,3,3,3,3,1,3,3,3,2,2,2,1,1,1,1.666666667,1.75,1.5,1,1,1,2.5,2.25,3,1,1,1,2.5,2.5,2.5,1,0,1,0,1,1,0,0,1,1,0,1,,7,1,0,1,1,1,1,0,0,1,1,0,1,,8,1,0,1,0,1,1,0,0,1,1,0,1,,7,42,19,2,1,7,5,3,,NA,NA,7,6,cauc,NA,NA,1,NA,NA,NA,Thu,120,0,0,0,0,0,0,0,0,1,NA,1,1,0,0,0,0,2,1,0,NA,NA,NA,NA,NA,NA,NA,NA,NA,NA,NA,NA,NA,NA,NA,NA,NA,NA,NA,NA,NA,NA,NA,NA,NA,NA,NA,NA,NA,NA,NA,,255,50,50,50,55,50,,
DAM062,0,SPF,ABC,Museum,6.3,3,0,0,1,SPF,10,6,1,7,1,7,1,1,,,1,0,0,1,0,1,0,1,0,1,0,1,0,1,0,1,0,1,0,1,,,,,,,,,1,0,0,2,0,1,0,1,0,1,0,1,0,1,0,1,0,1,0,1,,,,,,,,,0,0,1,3,0,1,NA,NA,NA,1,0,1,0,1,0,1,0,1,0,1,,used nose,used nose too,,,,,,,on table,on table,on table,8,7,7,8,6,10,,3.5,3,3.5,3.5,3,3.5,,0,0,0,0,0,0,0,1,0,1,0,1,,,,0,1,0,1,0,1,0,1,0,1,0,1,0,1,0,1,0,1,0,1,,,,,NA,,,,,,10,0,1,1,0,1,0,,8,10,10,3.5,3.5,3.5,0,0,0,1,1,1,3,0,0,0,0,0,0,0,0,0,0,0,0,0,0,0,0,7,7,7,1,7,7,7,1,0,0,6,6,6,1,0,0,0,3,NA,0,3,3,3,1,0,10,10,10,1,1,0,1,1,0.92,34,37,1,2,0,2,2,1,1,1,3,0,1,1,0,0,1,0,0,0,0.833333333,1,0.5,1.6,1.5,2,0.833333333,1,0.5,1.4,1,3,0.166666667,0,0.5,1,NA,1,1,0,0,0,0,1,1,0,1,0,0,0,"Also wrote the name ""Owen""",4,0,0,0,0,0,0,0,0,0,0,0,0,Scribbles,0,1,0,1,0,0,0,1,0,1,0,0,0,,4,32,20,3,1,6,2,6,,NA,NA,6,5,cauc,NA,NA,1,NA,NA,NA,Fri,50,0,20,0,0,0,0,0,0,1,1,0,0,2,0,0,0,0,0,1,24,1,1,1,1,1,1,0,0,0,0,0,0,1,2,3,2,3,5,4,4,4,2,1,1,2,2,9,NA,20,0,,300,60,60,60,60,60,,
DAM063,0,FSP,ACB,Museum,3.53,2,1,0,1,FSP,10,4,1,4,2,7,5,1,Lauren,Isla,0,0,1,1,1,0,1,0,0,1,0,1,0,1,0,1,0,1,0,1,,,,,,,,,0,1,0,3,1,0,1,0,1,0,1,0,NA,NA,NA,NA,NA,NA,NA,NA,,mom showed how to not touch the tablet with hand,,,,,,,0,1,0,2,1,0,1,0,1,NA,1,0,1,0,1,0,1,0,1,0,,,,,,,,,,table,table,"table, rolled paper",6,6,4,6,5,4,,2.5,2.5,2,2,2,2,,0,0,0,0,0,0,0,0,0,0,1,1,,,,0,1,0,1,0,1,0,1,0,1,1,0,0,1,0,1,0,1,0,1,,,,,NA,"pointed out colors and knocked over tower, started over",,,,,10,0,1,1,0,0,1,,6,6,6,2.5,2.5,2.5,0,0,0,1,1,1,3,1,1,1,3,0,0,0,0,0,0,0,0,0,0,0,1,6,7,7,0.857,0,3,3,0,3,7,0,7,7,0,0,0,0,3,NA,1,1,2,5,0.5,1,9,10,10,0.9,1,0,1,1,0.83,30,36,2,1,1,1,2,1,2,2,1,1,2,1,2,NA,NA,NA,NA,0,1,1,1,1.333333333,1.5,1,1,1,1,1.5,1.75,1,0.5,0.5,0,2,2,NA,1,0,1,0,1,0,0,0,1,0,0,0,,4,1,0,1,0,1,0,0,0,1,0,0,0,,4,NA,NA,NA,NA,NA,NA,NA,NA,NA,NA,NA,NA,NA,NA,NA,NA,NA,NA,NA,NA,NA,NA,NA,NA,NA,NA,NA,NA,NA,NA,NA,NA,NA,NA,NA,NA,NA,NA,NA,NA,NA,NA,NA,NA,NA,NA,NA,NA,NA,NA,NA,NA,NA,NA,NA,NA,NA,NA,NA,NA,NA,NA,NA,NA,NA,NA,NA,NA,NA,NA,NA,NA,NA,NA,NA,NA,NA,NA,NA,NA,NA,NA,NA,NA,NA,NA,NA,NA,NA,NA,NA,NA,,
DAM064,0,PFS,BAC,Museum,4.36,2,0,0,1,PFS,10,6,1,5,1,7,4,1,Chase,Andrew,0,1,0,2,0,1,0,1,0,1,0,1,0,1,0,1,0,1,0,1,,,,,,,,,0,0,1,1,0,1,0,1,0,1,0,1,0,1,0,1,0,1,0,1,,,,,,,,,1,0,0,3,0,1,0,1,NA,1,0,1,0,1,0,1,0,1,0,1,,,,,,,,,,table,"table, did not press fold down","table, did not press fold down",4,6,6,4,8,6,,2.5,2.5,2.5,3,2.5,2.5,,0,0,0,0,0,0,0,1,0,1,0,1,,,,0,0,0,1,0,1,0,1,0,1,0,1,0,1,0,1,NA,NA,NA,NA,,,,,NA,,,,,,8,0,1,1,0,1,0,,8,6,8,2.5,3,3,0,0,0,1,1,1,3,0,0,0,0,1,0,0,0,0,0,0,0,0,0,1,0,7,7,7,1,7,7,7,1,0,0,7,7,7,1,0,0,0,3,NA,0,3,3,3,1,0,7,7,8,1,1,0,1,1,0.89,32,36,2,2,2,1,2,1,2,2,2,1,2,1,3,1,1,1,2,0,1,1,1,1.666666667,1.75,1.5,1,1,1,1.666666667,1.75,1.5,0.833333333,0.75,1,1.6,2,1,1,0,0,0,0,1,1,0,1,0,0,0,,4,1,0,0,0,0,1,1,0,1,0,0,0,,4,1,0,0,0,0,1,1,0,1,0,0,0,,4,NA,NA,NA,NA,NA,NA,NA,NA,NA,NA,NA,NA,NA,NA,NA,NA,NA,NA,NA,NA,NA,NA,NA,NA,NA,NA,NA,NA,NA,NA,NA,NA,NA,NA,NA,NA,NA,NA,NA,NA,NA,NA,NA,NA,NA,NA,NA,NA,NA,NA,NA,NA,NA,NA,NA,NA,NA,NA,NA,NA,NA,NA,NA,NA,NA,NA,NA,NA,NA,NA,NA,NA,NA,NA,NA,NA,NA,NA,,
DAM065,1,FSP,BCA,Museum,NA,10,NA,0,NA,NA,NA,NA,NA,NA,NA,NA,NA,NA,NA,NA,NA,NA,NA,NA,NA,NA,NA,NA,NA,NA,NA,NA,NA,NA,NA,NA,NA,NA,NA,NA,NA,NA,NA,NA,NA,NA,NA,NA,NA,NA,NA,NA,NA,NA,NA,NA,NA,NA,NA,NA,NA,NA,NA,NA,NA,NA,NA,NA,NA,NA,NA,NA,NA,NA,NA,NA,NA,NA,NA,NA,NA,NA,NA,NA,NA,NA,NA,NA,NA,NA,NA,NA,NA,NA,NA,NA,NA,NA,NA,NA,NA,NA,NA,NA,NA,NA,NA,NA,NA,NA,NA,NA,NA,NA,NA,NA,NA,NA,NA,NA,NA,NA,NA,NA,NA,NA,NA,NA,NA,NA,NA,NA,NA,NA,NA,NA,NA,NA,NA,NA,NA,NA,NA,NA,NA,NA,NA,NA,NA,NA,NA,NA,NA,NA,NA,NA,NA,NA,NA,NA,NA,NA,NA,NA,NA,NA,NA,NA,NA,NA,NA,NA,NA,NA,NA,NA,NA,NA,NA,NA,NA,NA,NA,NA,NA,NA,NA,NA,NA,NA,NA,NA,NA,NA,NA,NA,NA,NA,NA,NA,NA,NA,NA,NA,NA,NA,NA,NA,NA,NA,NA,NA,NA,NA,NA,NA,NA,NA,NA,NA,NA,NA,NA,NA,NA,NA,NA,NA,NA,NA,NA,NA,NA,NA,NA,NA,NA,NA,NA,NA,1,0,0,0,0,0,0,0,0,0,0,0,1,0,0,0,0,0,0.166666667,0.25,0,1,1,NA,0,0,0,NA,NA,NA,0.166666667,0.25,0,1,1,NA,0,0,0,0,0,0,0,0,0,0,0,0,Scribbles,0,0,0,0,0,0,0,0,0,0,0,0,0,Lines,0,0,0,0,0,0,0,0,0,0,0,0,0,Scribbles,0,NA,NA,NA,NA,NA,NA,NA,NA,NA,NA,NA,NA,NA,NA,NA,NA,NA,NA,NA,NA,NA,NA,NA,NA,NA,NA,NA,NA,NA,NA,NA,NA,NA,NA,NA,NA,NA,NA,NA,NA,NA,NA,NA,NA,NA,NA,NA,NA,NA,NA,NA,NA,NA,NA,NA,NA,NA,NA,NA,NA,NA,NA,NA,NA,NA,NA,NA,NA,NA,NA,NA,NA,NA,NA,NA,NA,NA,NA,,
DAM066,0,SPF,CBA,PSL,2.57,1,1,0,1,SPF,11,4,1,3,2,1,1,1,Robby,Mom,1,0,0,3,0,1,0,1,0,1,0,1,0,1,0,1,0,1,0,1,,,,,,,,,1,0,0,2,0,1,0,1,0,0,0,1,0,1,0,1,0,1,0,1,,,,,,,,,0,0,1,1,0,1,0,1,NA,1,0,1,0,1,0,1,0,1,0,0,,,,,,,,,didn't complete,didn't complete,didn't complete,didn't complete,2,2,2,2,NA,NA,Didn't complete trial 3 for both hands,2,3,1,2,1,2,,0,1,0,0,0,0,0,1,0,1,0,1,,,,1,0,0,0,1,0,1,0,0,0,0,0,NA,NA,NA,NA,NA,NA,NA,NA,,,,,NA,,,,,,NA,0,1,0,1,1,0,,2,2,2,2,3,3,0,1,1,0,1,1,2,0,0,0,0,0,1,0,0,1,1,0,0,0,0,3,0,7,7,7,1,6,6,7,1,0,0,6,6,7,1,0,1,1,3,1,0,3,3,3,1,3,0,3,6,0,1,0,1,1,0.79,27,34,0,0,NA,0,0,0,0,0,0,0,0,0,0,0,0,0,0,0,0,0,0,NA,NA,NA,0,0,0,NA,NA,NA,0,0,0,NA,NA,NA,0,0,0,0,0,0,0,0,0,0,0,0,Scribble/Line,0,0,0,0,0,0,0,0,0,0,0,0,0,Scribbles,0,0,0,0,0,0,0,0,0,0,0,0,0,Scribbles/Dots,0,NA,NA,NA,NA,NA,NA,NA,NA,NA,NA,NA,NA,NA,NA,NA,NA,NA,NA,NA,NA,NA,NA,NA,NA,NA,NA,NA,NA,NA,NA,NA,NA,NA,NA,NA,NA,NA,NA,NA,NA,NA,NA,NA,NA,NA,NA,NA,NA,NA,NA,NA,NA,NA,NA,NA,NA,NA,NA,NA,NA,NA,NA,NA,NA,NA,NA,NA,NA,NA,NA,NA,NA,NA,NA,NA,NA,NA,NA,,
DAM067,0,SPF,CAB,PSL,4.71,2,1,0,1,SPF,11,2,1,5,2,1,1,1,Mia,Mary,1,0,0,3,0,1,0,1,0,1,0,1,0,1,0,1,0,1,0,1,,,,,,,,,1,0,0,1,0,1,0,1,0,1,0,1,0,1,0,1,0,1,0,1,,,,,,,,,0,0,1,2,0,1,0,1,NA,1,0,1,0,1,0,1,0,1,0,1,,,,,,,,,,,,,8,6,6,7,4,6,,4,3.5,2,3.5,2,2.5,,0,0,0,0,0,0,0,1,0,1,0,1,,,,0,1,0,1,0,1,0,1,0,1,0,1,0,1,0,1,0,1,0,1,,,,,NA,,,,,,10,0,1,NA,NA,0,1,,8,7,8,4,3.5,4,0,0,0,1,1,1,3,0,0,0,0,0,0,0,0,0,0,0,0,0,0,0,0,7,7,7,1,7,7,7,1,0,0,7,7,7,1,0,0,0,3,NA,0,3,3,3,1,0,10,10,10,1,1,0,1,1,0.92,35,38,3,3,2,3,3,2,2,3,3,3,2,2,2,3,1,2,2,2,1,1,1,2.666666667,2.75,2.5,1,1,1,2.5,2.25,3,1,1,1,2,2.25,1.5,1,0,1,1,1,1,0,0,0,0,1,1,,7,1,0,1,1,1,1,0,0,1,1,1,1,,9,1,0,1,1,1,1,0,0,0,0,1,1,,7,NA,NA,NA,NA,NA,NA,NA,NA,NA,NA,NA,NA,NA,NA,NA,NA,NA,NA,NA,NA,NA,NA,NA,NA,NA,NA,NA,NA,NA,NA,NA,NA,NA,NA,NA,NA,NA,NA,NA,NA,NA,NA,NA,NA,NA,NA,NA,NA,NA,NA,NA,NA,NA,NA,NA,NA,NA,NA,NA,NA,NA,NA,NA,NA,NA,NA,NA,NA,NA,NA,NA,NA,NA,NA,NA,NA,NA,NA,,
DAM068,0,FSP,ABC,LehmanLab,5.18,3,1,0,1,FSP,11,9,1,6,2,1,5,1,Grandma,Norabee,0,0,1,1,0,1,0,1,0,1,0,1,0,1,0,1,0,1,0,1,,,,,,,,,0,1,0,2,0,1,0,1,0,1,0,1,0,1,0,1,0,1,0,1,,,,,,,,,0,1,0,3,0,1,0,1,NA,1,0,1,0,1,0,1,0,1,0,1,,,,,,,,,against table,against table,against table,against table,3,8,4,6,3,6,,2,2.5,2.5,3,2,2.5,,0,0,0,0,0,0,0,1,1,0,1,0,,,,0,0,0,0,0,0,0,1,0,1,0,1,0,1,0,1,0,1,0,1,used left hand to support,used left hand to support,used left hand to support,,NA,,,,,,10,0,1,1,0,1,0,,4,8,8,2.5,3,3,0,0,0,1,1,1,3,0,0,0,0,1,1,1,0,0,0,0,0,0,0,3,0,7,7,7,1,7,7,7,1,0,0,7,7,7,1,0,0,0,3,NA,2,1,3,3,0.333,0,7,7,10,1,1,0,1,1,0.84,32,38,2,2,2,2,3,2,3,3,2,3,3,2,2,2,2,3,2,3,1,1,1,2.166666667,2.25,2,1,1,1,2.666666667,2.75,2.5,1,1,1,2.333333333,2.25,2.5,1,0,1,0,1,1,1,0,1,0,0,1,,7,1,0,1,0,1,1,1,0,1,1,0,1,,8,1,0,1,0,1,1,1,0,1,0,0,0,,6,33,16,2,1,8,5,,,NA,NA,9,6,cauc,NA,NA,1,NA,NA,NA,Thu,30,0,0,0,0,0,0,0,0,1,2,3,0,1,2,1,1,2,3,1,12,1,3,3,2,1,1,0,0,0,0,0,0,1,3,1,2,1,3,4,4,3,3,3,1,2,NA,10,5,35,25,,275,60,55,60,45,55,,
DAM070,0,SPF,BAC,PSL,2.44,1,0,0,1,SPF,11,6,1,3,1,1,1,1,Mom,Dad,1,0,0,2,1,0,1,0,1,0,1,0,0,1,0,1,1,0,1,0,,,,,,,,,1,0,0,3,1,0,1,0,0,1,1,0,1,0,1,0,1,0,1,0,,,,,,,,,0,0,1,1,1,0,1,0,1,NA,1,0,1,0,1,0,1,0,1,0,,,,,,,,,didn't complete task,didn't complete task,didn't complete task,didn't complete task,2,2,2,1,2,3,,1.5,1,1,1.5,1.5,1,,NA,NA,NA,NA,NA,NA,0,1,0,1,0,1,didn't catch,didn't catch,didn't catch,0,1,0,1,0,1,0,0,0,1,0,1,0,1,0,1,0,1,0,1,,,,"picked cube up with right hand, put on with left",NA,,,,,,10,1,0,1,0,1,0,,2,3,3,1.5,1.5,1.5,0,0,0,0,0,0,NA,0,0,0,0,0,0,0,1,0,0,0,0,0,0,1,5,2,7,7,0.286,1,7,7,0.143,6,7,0,7,7,0,NA,NA,NA,NA,NA,0,3,3,3,1,0,9,9,10,1,1,0,0,1,0.97,34,35,1,0,0,0,0,0,0,0,0,0,0,0,0,0,0,0,0,0,0.166666667,0.25,0,1,1,NA,0,0,0,NA,NA,NA,0,0,0,NA,NA,NA,0,0,0,0,0,0,0,0,0,0,0,0,Scribbles,0,0,0,0,0,0,0,0,0,0,0,0,0,Scribbles/Line,0,0,0,0,0,0,0,0,0,0,0,0,0,Scribbles/Lines,0,NA,NA,NA,NA,NA,NA,NA,NA,NA,NA,NA,NA,NA,NA,NA,NA,NA,NA,NA,NA,NA,NA,NA,NA,NA,NA,NA,NA,NA,NA,NA,NA,NA,NA,NA,NA,NA,NA,NA,NA,NA,NA,NA,NA,NA,NA,NA,NA,NA,NA,NA,NA,NA,NA,NA,NA,NA,NA,NA,NA,NA,NA,NA,NA,NA,NA,NA,NA,NA,NA,NA,NA,NA,NA,NA,NA,NA,NA,,
DAM071,0,PFS,BCA,PSL,2.98,1,1,0,1,PFS,11,11,1,4,2,1,4,1,Mom,Sister,0,1,0,2,0,1,0,1,0,1,0,1,0,1,0,1,0,1,0,1,,,,,,,,,0,0,1,3,0,1,0,1,0,1,0,1,0,1,0,0,0,1,0,0,,,,,,change hand from r to l,,"Use right hand, then use both hand then change to r hand",1,0,0,1,0,1,0,1,NA,1,0,1,0,1,0,1,0,1,0,1,,,,,,,,,against table,against table,against table,against table,2,2,2,2,2,2,,1,1,1.5,1.5,1,1,,0,0,0,0,0,0,0,1,0,1,0,1,,,,0,1,0,1,0,1,0,1,0,1,0,1,0,1,0,1,0,1,0,1,,,,,NA,,,,,,10,0,1,1,0,1,0,"First use finger, then change to marker when researcher shows up the marker",2,2,2,1.5,1.5,1.5,0,2,0,1,1,1,3,0,0,0,0,0,0,0,0,0,0,0,0,0,0,0,0,7,7,7,1,5,5,7,1,0,0,7,7,7,1,0,0,0,3,NA,0,3,3,3,1,0,10,10,10,1,1,0,1,1,0.87,33,38,0,0,0,0,1,0,0,0,0,0,0,NA,0,0,0,0,1,0,0.166666667,0.25,0,1,1,NA,0,0,0,NA,NA,NA,0.166666667,0.25,0,1,1,NA,0,0,0,0,0,0,0,0,0,0,0,0,Scribbles/Lines,0,0,0,0,0,0,0,0,0,0,0,0,0,Scribbles,0,0,0,0,0,0,0,0,0,0,0,0,0,Scribbles,0,NA,NA,NA,NA,NA,NA,NA,NA,NA,NA,NA,NA,NA,NA,NA,NA,NA,NA,NA,NA,NA,NA,NA,NA,NA,NA,NA,NA,NA,NA,NA,NA,NA,NA,NA,NA,NA,NA,NA,NA,NA,NA,NA,NA,NA,NA,NA,NA,NA,NA,NA,NA,NA,NA,NA,NA,NA,NA,NA,NA,NA,NA,NA,NA,NA,NA,NA,NA,NA,NA,NA,NA,NA,NA,NA,NA,NA,NA,,
DAM072,0,FSP,CBA,PSL,2.55,1,1,0,1,FSP,11,4,1,3,2,1,5,1,Mom,Dad,0,0,1,3,0,1,0,1,0,1,0,1,0,1,0,1,0,1,0,1,,Draw before shape is shown,,,,,,,0,1,0,2,0,1,0,1,0,1,0,1,0,1,0,1,0,1,0,1,,,,,,,,,0,1,0,1,0,1,0,1,NA,1,0,1,0,1,0,1,0,1,0,1,,,,,,,,,against table,against table,against table,against table,2,2,2,2,1,2,,1,1.5,1.5,1.5,1.5,1.5,,0,1,0,1,0,1,0,0,0,0,0,1,,,,0,1,0,1,0,1,0,1,0,1,0,1,0,1,0,1,0,1,0,1,,,,,NA,,,,,,10,0,1,1,0,0,1,,2,2,2,1.5,1.5,1.5,0,0,0,0,0,0,0,1,1,0,2,0,0,0,0,0,0,0,0,0,0,0,0,7,7,7,1,7,7,7,1,0,0,7,7,7,1,0,3,3,3,1,0,1,1,3,1,0,10,10,10,1,1,0,1,1,0.95,36,38,0,0,0,0,0,0,0,0,0,0,0,0,0,0,0,0,0,0,0,0,0,NA,NA,NA,0,0,0,NA,NA,NA,0,0,0,NA,NA,NA,0,0,0,0,0,0,0,0,0,0,0,0,Scribbles,0,0,0,0,0,0,0,0,0,0,0,0,0,Scribbles,0,0,0,0,0,0,0,0,0,0,0,0,0,Scribbles,0,NA,NA,NA,NA,NA,NA,NA,NA,NA,NA,NA,NA,NA,NA,NA,NA,NA,NA,NA,NA,NA,NA,NA,NA,NA,NA,NA,NA,NA,NA,NA,NA,NA,NA,NA,NA,NA,NA,NA,NA,NA,NA,NA,NA,NA,NA,NA,NA,NA,NA,NA,NA,NA,NA,NA,NA,NA,NA,NA,NA,NA,NA,NA,NA,NA,NA,NA,NA,NA,NA,NA,NA,NA,NA,NA,NA,NA,NA,,
DAM073,0,PFS,CAB,PSL,2.52,1,1,0,1,FSP,11,5,1,3,2,1,5,1,dad,sister,0,0,1,3,0,1,0,1,0,1,0,1,0,1,0,1,0,1,0,1,,,,,,,,,0,1,0,1,0,1,0,1,0,1,0,1,0,1,0,1,0,1,0,1,,,,,,,,,0,1,0,2,0,1,0,1,NA,1,0,1,0,1,0,1,0,1,0,1,,,,,,,,,"Didn't know the word ""fold"" in english, she started folding after Chrystal said it in chinese",,,,2,2,3,4,2,3,,0.5,2,0.5,2,NA,NA,,0,0,0,0,0,0,0,0,0,0,1,1,,,,0,1,1,0,0,1,0,1,0,1,0,1,0,1,0,1,NA,NA,NA,NA,,,,,NA,,,,,,8,0,1,1,0,0,1,,3,4,4,0.5,2,2,0,0,0,1,1,1,3,1,1,1,3,0,0,0,0,0,0,0,0,0,0,0,0,7,7,7,1,7,7,7,1,0,0,7,7,7,1,0,0,0,3,NA,1,1,2,5,0.5,1,7,8,8,0.875,1,0,1,1,0.84,32,38,1,0,0,0,1,1,1,1,0,1,1,NA,1,0,0,0,0,0,0.5,0.75,0,1,1,NA,0.833333333,1,0.5,1,1,1,0.166666667,0.25,0,1,1,NA,0,0,0,0,0,0,0,0,0,0,0,0,Scribbles,0,0,0,0,0,0,0,0,0,0,0,0,0,Scribbles/Lines,0,0,0,0,0,0,0,0,0,0,0,0,0,Scribbles,0,NA,NA,NA,NA,NA,NA,NA,NA,NA,NA,NA,NA,NA,NA,NA,NA,NA,NA,NA,NA,NA,NA,NA,NA,NA,NA,NA,NA,NA,NA,NA,NA,NA,NA,NA,NA,NA,NA,NA,NA,NA,NA,NA,NA,NA,NA,NA,NA,NA,NA,NA,NA,NA,NA,NA,NA,NA,NA,NA,NA,NA,NA,NA,NA,NA,NA,NA,NA,NA,NA,NA,NA,NA,NA,NA,NA,NA,NA,,
DAM074,0,FSP,ACB,PSL,2.59,1,0,0,1,FSP,11,4,1,3,1,1,5,1,Dad,Brother/Sister,0,0,1,1,1,0,1,0,1,0,1,0,1,0,1,0,1,0,1,0,,,,,,,,,0,1,0,2,0,1,0,1,0,1,0,1,0,1,0,1,0,1,0,1,,,,,,,,,0,1,0,3,0,1,0,1,NA,1,0,1,0,1,0,1,0,1,0,1,,,,,,,,,against table,against table,"against table, fold the whole paper",Did not fold this one ,4,4,4,4,4,3,,1.5,2,1.5,1.5,1,1.5,,0,1,0,1,0,1,0,1,0,1,0,1,,,,0,1,1,0,0,1,0,1,0,1,0,1,NA,NA,NA,NA,NA,NA,NA,NA,,,,,NA,,,,,,NA,0,1,1,0,1,0,,4,4,4,1.5,2,2,0,0,0,0,0,0,0,0,0,0,0,0,0,0,0,0,0,0,0,0,0,0,7,0,7,7,0,7,7,7,1,0,0,7,7,7,1,0,3,3,3,1,0,3,3,3,1,1,5,6,6,0.833,1,0,1,1,1,34,34,0,0,0,0,0,0,0,0,0,0,0,0,0,0,0,0,0,0,0,0,0,NA,NA,NA,0,0,0,NA,NA,NA,0,0,0,NA,NA,NA,NA,NA,NA,NA,NA,NA,NA,NA,NA,NA,NA,NA,NA,NA,0,0,0,0,0,0,0,0,0,0,0,0,Scribbles,0,NA,NA,NA,NA,NA,NA,NA,NA,NA,NA,NA,NA,NA,NA,NA,NA,NA,NA,NA,NA,NA,NA,NA,NA,NA,NA,NA,NA,NA,NA,NA,NA,NA,NA,NA,NA,NA,NA,NA,NA,NA,NA,NA,NA,NA,NA,NA,NA,NA,NA,NA,NA,NA,NA,NA,NA,NA,NA,NA,NA,NA,NA,NA,NA,NA,NA,NA,NA,NA,NA,NA,NA,NA,NA,NA,NA,NA,NA,NA,NA,NA,NA,NA,NA,NA,NA,NA,NA,NA,NA,NA,NA,,
DAM075,0,SPF,ACB,PSL,2.18,1,0,0,1,SPF,11,9,1,3,1,1,1,1,mom,andrea,1,0,0,1,0,1,0,1,0,1,0,1,0,1,0,1,0,1,0,1,,,,,,,,,1,0,0,3,1,0,1,0,1,0,1,0,0,1,0,1,0,1,0,1,,,,,,,,,0,0,1,2,0,1,0,1,NA,1,0,1,0,1,0,1,0,1,0,1,,,,,,,,,,,,,NA,NA,NA,NA,NA,NA,wouldn't do any grip strength / ,NA,NA,NA,NA,NA,NA,wouldnt do any pinch strength,NA,NA,NA,NA,NA,NA,NA,NA,NA,NA,NA,NA,didnt do ball toss,didnt do ball toss,didnt do ball toss,0,1,0,1,NA,NA,NA,NA,NA,NA,NA,NA,NA,NA,NA,NA,NA,NA,NA,NA,,,,,NA,,,,,,2,1,0,1,0,1,0,,NA,NA,NA,NA,NA,NA,0,0,0,0,0,0,NA,0,0,0,NA,0,0,0,0,0,0,0,0,0,0,0,0,7,7,7,1,4,7,7,0.571,3,0,7,7,7,1,NA,NA,NA,NA,NA,NA,NA,NA,NA,NA,0,2,2,2,1,1,0,0,1,1,24,24,1,0,0,0,0,1,0,0,0,0,0,0,0,0,0,0,0,1,0.333333333,0.5,0,1,1,NA,0,0,0,NA,NA,NA,0.166666667,0.25,0,1,1,NA,0,0,0,0,0,0,0,0,0,0,0,0,Scribbles,0,0,0,0,0,0,0,0,0,0,0,0,0,Scribbles,0,0,0,0,0,0,0,0,0,0,0,0,0,Scribbles,0,40,22,2,1,8,2,,,NA,NA,9,9,cauc,NA,NA,1,NA,NA,NA,Mon,0,0,0,0,0,0,0,0,0,1,2,1,0,2,0,0,2,2,0,1,6,1,3,3,1,1,1,0,0,0,0,0,0,2,1,1,2,2,1,4,4,1,2,2,1,2,1,8,NA,30,NA,,300,60,60,60,60,60,,
DAM076,0,FSP,BAC,PSL,5.25,3,1,0,1,FSP,11,8,1,6,2,1,5,1,Mahika,Tati,0,0,1,2,0,1,0,1,0,1,0,1,0,1,0,1,0,1,0,1,,,,,,,,,0,1,0,1,0,1,0,1,0,1,0,1,0,1,0,1,0,1,0,1,,,,,,,,,0,1,0,3,0,1,0,1,NA,1,0,1,0,1,0,1,0,1,0,1,,circle had marking from pervious participant drawing on it,,,,,,,,on table,on table,on table,1,2,1,1,2,1,,4.5,4.5,4,4.5,4,4.5,read the inner numbers,0,0,0,0,0,0,0,0,0,0,1,1,,,,0,1,0,1,0,1,0,1,0,1,0,1,0,1,0,1,0,1,0,1,,,,,NA,,,,,,10,0,1,0,1,1,0,,2,2,2,4.5,4.5,4.5,0,0,0,1,1,1,3,1,1,1,3,0,0,0,0,0,0,0,0,0,0,0,0,7,7,7,1,7,7,7,1,0,0,7,7,7,1,0,0,0,3,NA,1,1,2,5,0.5,0,10,10,10,1,1,0,1,1,0.85,34,40,3,4,3,3,3,3,1,3,3,3,2,3,2,3,3,4,3,3,1,1,1,3.166666667,3.25,3,1,1,1,2.5,2.25,3,1,1,1,3,2.75,3.5,1,0,1,0,1,1,1,1,0,0,1,1,,8,1,0,1,0,1,1,1,1,0,0,0,1,,7,1,0,1,0,1,1,1,1,0,1,0,1,,7,42,25,2,1,7,5,1,,NA,NA,8,6,hisp,NA,NA,NA,1,NA,NA,Thu ,30,0,10,0,0,0,0,0,0,1,2,1,0,3,0,0,2,2,0,1,NA,1,5,4,1,1,1,0,40,10,0,0,0,1,3,1,2,1,2,4,4,4,4,3,2,2,NA,9,8,25,15,Now they use I pads with apps in school.  I'm not sure how much drawing or writing they do on them. / On the iPad she mainly draws in a book creation program that also allows inserting pictures. /  / ,295,60,55,60,60,60,,
DAM077,0,FSP,BCA,PSL,4.96,2,1,0,1,FSP,11,11,1,6,2,1,5,1,Violet,Adev,0,0,1,2,1,0,1,0,1,0,1,0,1,0,1,0,1,0,1,0,,,,,,,,,0,1,0,3,1,0,1,0,1,0,1,0,1,0,1,0,1,0,1,0,,,,,,,,,0,1,0,1,1,0,1,0,1,NA,1,0,1,0,1,0,1,0,1,0,,,,,,,,,,on table,on table,on table,6,8,6,5,6,4,,2,2,2,2,2,1.5,,0,0,0,0,0,0,0,0,0,0,1,1,,,,0,0,0,0,1,0,0,1,1,0,1,0,1,0,1,0,1,0,NA,NA,,,,,NA,,,,,,9,1,0,0,1,1,0,,6,8,8,2,2,2,0,0,0,1,1,1,3,1,1,1,3,1,1,0,0,0,0,0,0,0,0,2,7,0,7,7,0,0,7,7,0,7,7,0,7,7,0,0,0,0,3,NA,1,1,2,5,0.5,6,1,7,9,0.143,1,0,0,1,0.79,31,39,2,3,2,2,3,3,2,4,4,3,3,2,2,3,2,2,3,2,1,1,1,2.5,2.75,2,1,1,1,3,2.75,3.5,1,1,1,2.333333333,2.5,2,1,0,1,0,1,1,1,1,0,0,1,1,,8,1,0,1,0,1,1,1,0,1,1,1,1,,9,1,0,1,0,1,1,1,1,1,1,0,1,,8,37,20,2,1,NA,5,7,,NA,NA,11,6,asian,1,NA,NA,NA,NA,NA,Sat ,60,0,20,0,0,0,0,15,0,2,3,1,1,1,0,0,2,2,0,1,3,NA,4,2,NA,NA,NA,0,0,20,0,0,0,3,5,1,2,3,2,4,4,4,4,3,3,2,2,9,5,60,0,Thanks.,275,45,55,55,60,60,,
DAM078,0,SPF,CBA,PSL,7.65,3,1,0,1,SPF,11,3,1,8,2,1,1,1,,,1,0,0,3,0,1,0,1,0,1,0,1,0,1,0,1,0,1,0,1,,,,,,,,,1,0,0,2,0,1,0,1,0,1,0,1,0,1,0,1,0,1,0,1,,,,,,,,,0,0,1,1,0,1,0,1,NA,1,0,1,0,1,0,1,0,1,0,1,,,,,,,,,,,,,10,10,10,7,8,8,,3,4,3,3,3,4,,0,0,0,0,0,0,0,0,0,0,1,1,,,,0,1,0,1,0,1,0,1,0,1,0,1,0,1,0,1,0,1,0,1,,,,,NA,,,,,,10,0,1,1,0,0,1,,10,10,10,3,4,4,0,0,0,1,1,1,3,1,1,1,3,0,0,0,0,0,0,0,0,0,0,0,0,7,7,7,1,7,7,7,1,0,0,7,7,7,1,0,0,0,3,NA,1,1,2,5,0.5,0,10,10,10,1,1,0,1,1,0.85,34,40,2,3,2,3,3,3,2,2,3,4,2,3,3,4,3,4,2,4,1,1,1,2.666666667,2.75,2.5,1,1,1,2.666666667,2.25,3.5,1,1,1,3.333333333,3.25,3.5,1,0,1,1,1,1,1,1,1,0,1,1,Arms/hands may actually be something else (like a cape or wings),10,1,0,1,1,1,1,1,1,1,0,1,1,Arms/hands may be something else (like a cape or wings),10,1,0,1,1,1,1,1,1,1,0,0,1,,9,NA,NA,NA,NA,NA,NA,NA,NA,NA,NA,NA,NA,NA,NA,NA,NA,NA,NA,NA,NA,NA,NA,NA,NA,NA,NA,NA,NA,NA,NA,NA,NA,NA,NA,NA,NA,NA,NA,NA,NA,NA,NA,NA,NA,NA,NA,NA,NA,NA,NA,NA,NA,NA,NA,NA,NA,NA,NA,NA,NA,NA,NA,NA,NA,NA,NA,NA,NA,NA,NA,NA,NA,NA,NA,NA,NA,NA,NA,,
DAM079,0,PFS,CAB,PSL,3.67,2,1,0,1,SPF,11,3,1,4,2,1,1,1,,,1,0,0,3,1,0,1,0,1,0,0,0,0,1,0,1,0,1,0,1,,,,,,,,,1,0,0,1,0,1,0,1,0,1,0,1,0,1,0,1,0,1,0,1,,,,,,,,,0,0,1,2,0,1,0,1,NA,1,0,1,0,1,0,1,0,1,0,1,,,,,,,,,,,,,4,4,3,4,3,3,,2,2,2,1.5,1,1.5,,0,0,0,0,0,0,0,0,0,0,1,1,,,,0,1,0,1,1,0,1,0,1,0,0,0,1,0,1,0,0,0,0,0,,,,,NA,,,,,,10,NA,NA,1,0,1,0,,4,4,4,2,2,2,1,0,0,1,1,1,3,1,1,1,NA,0,0,0,0,0,1,1,0,0,1,3,2,4,6,7,0.667,7,7,7,1,0,0,7,7,7,1,0,0,0,3,NA,1,1,2,5,0.5,5,2,7,10,0.286,NA,NA,NA,NA,0.74,29,39,2,0,0,0,2,1,1,0,0,0,0,0,1,0,0,0,1,0,0.5,0.75,0,1.666666667,1.666666667,NA,0.166666667,0.25,0,1,1,NA,0.333333333,0.5,0,1,1,NA,0,0,0,0,0,0,0,0,0,0,0,0,Scribbles,0,0,0,0,0,0,0,0,0,0,0,0,0,Scribbles,0,1,0,1,1,0,0,0,0,1,1,0,0,,5,NA,NA,NA,NA,NA,NA,NA,NA,NA,NA,NA,NA,NA,NA,NA,NA,NA,NA,NA,NA,NA,NA,NA,NA,NA,NA,NA,NA,NA,NA,NA,NA,NA,NA,NA,NA,NA,NA,NA,NA,NA,NA,NA,NA,NA,NA,NA,NA,NA,NA,NA,NA,NA,NA,NA,NA,NA,NA,NA,NA,NA,NA,NA,NA,NA,NA,NA,NA,NA,NA,NA,NA,NA,NA,NA,NA,NA,NA,,
DAM080,0,PFS,ACB,PSL,2.38,1,0,0,1,PFS,11,7,1,3,1,1,4,1,teacher,mother,0,1,0,1,0,1,0,1,0,1,0,1,0,1,0,1,0,1,0,1,,,,,,,,,0,0,1,3,0,1,0,1,0,1,0,1,0,1,0,1,0,1,0,1,,,,,,,,,1,0,0,2,0,1,0,1,NA,1,0,1,0,1,0,1,0,1,0,1,,trying to use finger,,,,,,,,,,,0,3,NA,NA,NA,NA,,1.5,0.5,NA,NA,NA,NA,,0,0,0,0,0,0,0,1,0,1,0,1,,,,0,0,0,1,0,1,0,1,0,1,NA,NA,NA,NA,NA,NA,NA,NA,NA,NA,,,,,NA,,,,,,5,0,1,1,0,1,0,,0,3,3,1.5,0.5,1.5,0,0,0,1,1,1,3,0,0,0,0,1,0,0,0,0,0,0,0,0,0,1,0,7,7,7,1,7,7,7,1,0,0,7,7,7,1,0,0,0,3,NA,0,3,3,3,1,0,4,4,5,1,1,0,1,1,0.88,29,33,0,1,0,0,1,0,0,0,0,0,0,0,0,0,0,0,0,0,0.333333333,0.5,0,1,1,NA,0,0,0,NA,NA,NA,0,0,0,NA,NA,NA,0,0,0,0,0,0,0,0,0,0,0,0,Scribbles,0,0,0,0,0,0,0,0,0,0,0,0,0,Scribbles,0,0,0,0,0,0,0,0,0,0,0,0,0,Scribbles,0,32,21,2,1,7,2,,,NA,NA,7,9,cauc,NA,NA,1,NA,NA,NA,,0,0,0,0,0,0,0,0,0,NA,NA,0,0,0,0,0,0,0,0,1,NA,1,1,4,1,1,1,0,0,0,0,0,0,2,1,2,1,2,1,3,3,2,1,1,1,2,NA,8,NA,10,0,Just started drawing for fun in last 2 weeks,270,60,60,45,60,45,,
DAM081,0,PFS,ABC,PSL,4.08,2,0,0,1,PFS,11,10,1,5,1,1,4,1,Dad,Charlotte,0,1,0,1,0,1,0,1,0,1,0,1,0,1,0,1,0,1,0,1,,,,,,,,,0,0,1,2,0,1,0,1,0,1,0,1,0,1,0,1,0,1,0,1,,,,,,,,,1,0,0,3,0,1,0,1,NA,1,0,1,0,1,0,1,0,1,0,1,,,,,,,,,Holding up,Against table,Against table,Against table,4,4,4,7,4,4,,2.5,2,2,1.5,1,2,,0,0,0,0,0,0,0,1,0,1,0,1,,,,0,1,0,1,0,1,0,1,0,1,0,0,0,0,0,0,0,0,0,1,,,,,NA,,Left hand to support,Left hand to support,Left hand to support,Left hand to support,10,0,1,0,1,1,0,,4,7,7,2.5,2,2.5,0,0,0,1,1,1,3,0,0,0,0,0,0,0,0,0,0,1,1,1,1,4,0,7,7,7,1,7,7,7,1,0,0,7,7,7,1,0,0,0,3,NA,0,3,3,3,1,0,6,6,10,1,1,0,1,1,0.82,31,38,3,3,1,1,2,1,2,3,2,1,2,1,2,3,1,1,2,1,1,1,1,1.833333333,2.25,1,1,1,1,1.833333333,2,1.5,1,1,1,1.666666667,2,1,1,0,1,0,1,1,0,0,1,0,0,0,,5,1,0,1,0,1,1,0,0,1,0,0,0,,5,1,0,1,0,0,1,0,0,1,0,0,0,,4,38,21,2,3,5,4,2,,NA,NA,10,10,cauc,NA,NA,1,NA,NA,NA,Wed,0,0,0,0,0,0,0,0,0,1,2,1,2,2,0,0,1,2,0,0,NA,NA,NA,NA,NA,NA,NA,NA,NA,NA,NA,NA,NA,NA,NA,NA,NA,NA,NA,NA,NA,NA,NA,NA,NA,NA,NA,NA,NA,NA,NA,,250,55,50,40,50,55,,
DAM082,0,SPF,CBA,PSL,2.09,1,1,0,1,SPF,11,NA,1,NA,2,1,1,1,,,1,0,0,3,1,0,1,0,1,0,1,0,0,1,0,1,0,1,NA,NA,,,,,,,,,1,0,0,2,1,0,1,0,1,0,1,0,1,0,0,1,0,1,0,1,,,,,,,,,0,0,1,1,1,0,1,0,1,NA,1,0,1,0,1,0,1,0,1,0,,,,,,,,,didn't do,,,,0,0,NA,NA,NA,NA,didn't do ,0,0,NA,NA,NA,NA,didn't do,0,1,0,1,0,1,0,1,0,1,0,1,,,,1,0,1,0,0,1,0,1,1,0,0,0,0,0,NA,NA,NA,NA,NA,NA,,,,,NA,,,,,,7,1,0,1,0,0,1,,0,0,0,0,0,0,0,0,0,0,0,0,0,0,0,0,0,0,0,0,0,0,0,1,0,0,0,1,3,3,6,6,0.5,3,7,7,0.429,4,7,0,7,7,0,0,3,3,3,1,0,3,3,3,1,3,2,5,6,0.4,1,0,0,1,0.97,32,33,0,0,0,0,0,0,0,0,0,0,0,0,0,0,0,0,0,0,0,0,0,NA,NA,NA,0,0,0,NA,NA,NA,0,0,0,NA,NA,NA,0,0,0,0,0,0,0,0,0,0,0,0,Scribbles/Line,0,0,0,0,0,0,0,0,0,0,0,0,0,Scribbles/line,0,NA,NA,NA,NA,NA,NA,NA,NA,NA,NA,NA,NA,NA,NA,NA,NA,NA,NA,NA,NA,NA,NA,NA,NA,NA,NA,NA,NA,NA,NA,NA,NA,NA,NA,NA,NA,NA,NA,NA,NA,NA,NA,NA,NA,NA,NA,NA,NA,NA,NA,NA,NA,NA,NA,NA,NA,NA,NA,NA,NA,NA,NA,NA,NA,NA,NA,NA,NA,NA,NA,NA,NA,NA,NA,NA,NA,NA,NA,NA,NA,NA,NA,NA,NA,NA,NA,NA,NA,NA,NA,NA,NA,,
DAM083,0,SPF,CAB,PSL,2.34,1,1,0,1,SPF,11,7,1,3,2,1,1,1,dad,theo,1,0,0,3,0,1,0,1,0,1,0,1,0,1,0,1,0,1,0,1,,,,,,,,,1,0,0,1,0,1,0,1,0,1,0,1,0,1,0,1,0,1,0,1,,,,,,,,,0,0,1,2,0,1,0,1,NA,1,0,1,0,1,0,1,0,1,0,1,,,,,,,mom prompting,,,on table,didnt fold,didnt fold,2,4,2,2,2,2,,1,1,1,1.5,1,1,,0,0,0,0,0,0,0,0,0,0,0,1,,,,0,1,0,0,0,1,0,1,0,1,0,1,0,1,0,1,0,1,0,1,,adjusted with left,,,NA,,fell and  put it back on,,,,10,0,1,1,0,1,0,,2,4,4,1,1.5,1.5,0,0,0,1,1,1,3,1,1,0,2,0,1,0,0,0,0,0,0,0,0,1,0,7,7,7,1,7,7,7,1,0,0,7,7,7,1,0,0,0,3,NA,0,1,1,3,1,0,9,9,10,1,1,0,1,1,0.84,32,38,0,0,0,0,0,0,0,0,0,0,0,0,0,0,0,0,0,0,0,0,0,NA,NA,NA,0,0,0,NA,NA,NA,0,0,0,NA,NA,NA,0,0,0,0,0,0,0,0,0,0,0,0,Scribbles,0,0,0,0,0,0,0,0,0,0,0,0,0,Scribbles/Line,0,0,0,0,0,0,0,0,0,0,0,0,0,Scribbles,0,32,20,2,1,8,2,,,NA,NA,7,9,cauc,NA,NA,1,NA,NA,NA,Mon,25,0,0,0,0,0,0,0,0,2,2,1,0,2,1,0,0,2,1,1,9,1,1,1,1,1,1,0,0,0,0,0,0,1,2,2,1,2,1,3,3,3,3,2,1,2,3,9,6,30,NA,,260,60,55,40,55,50,,
DAM084,0,PFS,BAC,PSL,2.58,1,1,0,1,PFS,11,4,1,3,1,1,4,1,Rogh,Landon,0,1,0,2,0,1,0,1,0,1,0,1,0,1,0,1,0,1,0,1,,,,,,,,,0,0,1,1,0,1,0,1,0,1,0,1,0,1,0,1,0,1,0,1,,,,,,,,,1,0,0,3,0,1,0,1,NA,1,0,1,0,1,0,1,0,1,0,1,,,,,,,,,,"did not fold, use finger run through the dotted line","did not fold, use finger run through the dotted line","did not fold, use finger run through the dotted line",2,3,2,4,3,3,,0.5,1,0.5,1,1.5,1.5,,0,0,0,0,0,0,0,1,0,1,0,1,,,,0,1,0,1,0,1,0,1,0,1,0,1,0,1,0,1,0,1,0,1,,,,,NA,,,,,,10,0,1,0,1,1,0,,3,4,4,1.5,1.5,1.5,0,0,0,1,1,1,3,0,0,0,0,0,0,0,0,0,0,0,0,0,0,0,0,7,7,7,1,7,7,7,1,0,0,7,7,7,1,0,0,0,3,NA,0,3,3,3,1,0,10,10,10,1,1,0,1,1,0.92,35,38,0,0,0,0,0,0,1,0,0,0,1,0,0,0,0,0,0,0,0,0,0,NA,NA,NA,0.333333333,0.5,0,1,1,NA,0,0,0,NA,NA,NA,0,0,0,0,0,0,0,0,0,0,0,0,Scribble/Line,0,0,0,0,0,0,0,0,0,0,0,0,0,Scribbles,0,0,0,0,0,0,0,0,0,0,0,0,0,Scribble/Line,0,35,21,3,3,8,2,,,NA,NA,4,9,cauc,NA,NA,1,NA,NA,NA,Mon,0,0,0,0,0,0,0,0,0,3,2,3,0,2,0,0,1,2,0,1,20,1,4,3,1,1,1,0,0,0,0,0,0,1,2,1,2,2,1,4,4,4,4,2,1,3,4,9,5,20,5,,295,60,60,60,60,55,,
DAM085,0,FSP,BCA,PSL,2.32,1,1,0,1,FSP,11,7,1,3,2,1,5,1,,,0,0,1,2,0,1,0,1,0,1,0,1,0,1,0,1,0,1,0,1,,,,,,,,,0,1,0,3,0,1,0,1,0,1,0,1,0,1,0,1,NA,NA,NA,NA,,,,,,,"Refuse to draw the shape. Refuse to draw the shape, move to folding paper",,0,1,0,1,NA,NA,NA,NA,NA,NA,NA,NA,NA,NA,NA,NA,NA,NA,NA,NA,,,,,,,,,,against table,against table,against table,2,2,1,0,1,2,,1,1,1,0.5,0.5,1,,0,0,0,0,0,0,0,1,0,0,1,1,,,,0,0,0,1,0,1,0,1,0,1,0,1,0,1,0,1,0,1,NA,NA,,,,,NA,,,,,,9,0,1,0,1,1,0,,2,2,2,1,1,1,0,0,NA,1,1,1,3,0,1,1,2,1,0,0,0,0,0,0,0,0,0,1,0,7,7,7,1,5,5,5,1,0,NA,NA,NA,NA,NA,0,0,0,3,NA,1,2,3,5,0.667,0,8,8,9,1,1,0,1,1,0.8,24,30,1,1,0,0,1,0,NA,NA,NA,NA,NA,NA,1,NA,0,0,0,0,0.5,0.75,0,1,1,NA,NA,NA,NA,NA,NA,NA,0.2,0.333333333,0,1,1,NA,1,0,0,0,0,1,1,0,1,0,0,0,,4,NA,NA,NA,NA,NA,NA,NA,NA,NA,NA,NA,NA,NA,NA,NA,NA,NA,NA,NA,NA,NA,NA,NA,NA,NA,NA,NA,NA,35,16,2,3,6,2,,,NA,NA,7,9,asian,1,NA,NA,NA,NA,NA,Fri,45,0,0,0,0,0,0,0,15,3,2,1,2,2,1,0,1,2,0,1,18,1,4,3,1,1,1,0,15,0,0,0,0,1,3,2,1,2,1,2,3,2,3,2,2,2,1,10,8,25,20,,295,60,55,60,60,60,,
DAM086,0,SPF,ABC,LehmanLab,2.26,1,0,0,1,SPF,11,8,1,3,1,1,1,1,,,1,0,0,1,1,0,1,0,1,0,1,0,1,0,1,0,1,0,1,0,,,,,used wrong side of marker,,,,1,0,0,2,1,0,1,0,1,0,1,0,1,0,1,0,1,0,1,0,,,,,,,,,0,0,1,3,0,1,0,1,NA,1,0,1,0,1,0,1,0,1,0,1,,,,,,,,,,,,,2,1,1,1,1,1,,0.5,0.5,0.5,0.5,0.5,0.5,,0,1,0,1,0,1,0,1,0,1,0,1,,,,0,1,0,1,0,1,0,1,0,1,0,1,0,1,0,1,0,1,0,1,,,,,NA,,,,,,9,0,1,0,1,1,0,,2,1,2,0.5,0.5,0.5,0,0,0,0,0,0,0,0,0,0,0,0,0,0,0,0,0,0,0,0,0,0,7,0,7,7,0,0,7,7,0,7,0,7,7,7,1,0,3,3,3,1,0,3,3,3,1,0,10,10,10,1,1,0,1,1,1,38,38,0,0,0,0,0,0,0,0,0,0,0,0,0,0,0,0,0,0,0,0,0,NA,NA,NA,0,0,0,NA,NA,NA,0,0,0,NA,NA,NA,0,0,0,0,0,0,0,0,0,0,0,0,Scribbles,0,0,0,0,0,0,0,0,0,0,0,0,0,Scribbles,0,0,0,0,0,0,0,0,0,0,0,0,0,Scribbles/Dots,0,NA,NA,NA,NA,NA,NA,NA,NA,NA,NA,NA,NA,NA,NA,NA,NA,NA,NA,NA,NA,NA,NA,NA,NA,NA,NA,NA,NA,NA,NA,NA,NA,NA,NA,NA,NA,NA,NA,NA,NA,NA,NA,NA,NA,NA,NA,NA,NA,NA,NA,NA,NA,NA,NA,NA,NA,NA,NA,NA,NA,NA,NA,NA,NA,NA,NA,NA,NA,NA,NA,NA,NA,NA,NA,NA,NA,NA,NA,,
